행사명,날짜,시작 시간,끝나는 시간,호선,역명,승하차구분,05 ~ 06,06 ~ 07,07 ~ 08,08 ~ 09,09 ~ 10,10 ~ 11,11 ~ 12,12 ~ 13,13 ~ 14,14 ~ 15,15 ~ 16,16 ~ 17,17 ~ 18,18 ~ 19,19 ~ 20,20 ~ 21,21 ~ 22,22 ~ 23,23 ~ 24,00 ~ 01
아이유 콘서트,2022-09-17,19:00,21:30,2호선,신도림,하차,184,616,721,1202,1626,2645,3006,3188,3559,3139,3271,3634,3920,3223,2491,2008,2275,2122,2512,720.0
아이유 콘서트,2022-09-18,19:00,21:30,2호선,신도림,하차,173,562,464,831,1362,2307,2122,2358,2543,2366,2255,2360,2200,2279,1858,1485,1592,1454,1481,263.0
싸이 흠뻑쇼,2022-07-15,18:42,22:40,2호선,신도림,하차,199,774,1670,4673,2344,1933,1789,1793,1963,2072,2428,2867,4309,7488,5180,2566,2604,2334,2420,1576.0
싸이 흠뻑쇼,2022-07-16,18:42,22:40,2호선,신도림,하차,157,616,707,1134,1576,2299,2458,2552,2855,2501,2701,3425,3466,3083,2120,1863,1997,2028,2499,618.0
싸이 흠뻑쇼,2022-07-17,18:42,22:40,2호선,신도림,하차,126,501,446,732,1009,1807,1825,1887,2144,1882,2015,2104,2189,2266,1634,1562,1507,1408,1361,319.0
워터밤 2022,2022-06-24,12:00,22:00,2호선,신도림,하차,159,738,1719,4556,2243,1821,1797,1877,1953,1886,2595,2964,4304,7445,5352,2682,2441,2379,2851,1543.0
워터밤 2022,2022-06-25,12:00,22:00,2호선,신도림,하차,196,797,778,1260,1631,2778,3171,3286,3446,3290,3085,3441,3655,3150,2244,2025,2208,2189,2290,792.0
워터밤 2022,2022-06-26,12:00,22:00,2호선,신도림,하차,153,602,422,761,1151,2294,2227,2218,2392,1926,2083,2193,2138,1898,1569,1541,1484,1456,1214,267.0
bts 콘서트 2019,2019-10-26,18:30,,2호선,신도림,하차,303,1215,1102,1932,2301,3891,4599,5028,5322,4851,4780,5128,5859,4737,3393,2988,3018,2991,2858,1024.0
bts 콘서트 2019,2019-10-27,18:30,,2호선,신도림,하차,359,1014,848,1285,2243,3473,3249,3554,3638,3654,3233,3404,3270,3198,2524,2167,2203,2057,1778,378.0
bts 콘서트 2019,2019-10-29,18:30,,2호선,신도림,하차,215,788,1848,6002,3489,2617,2417,2348,2795,2684,2921,3583,4501,8180,6372,3639,3198,3448,2433,1138.0
bts 콘서트 2018,2018-08-25,18:30,,2호선,신도림,하차,228,789,863,1865,2347,3604,4437,4593,4850,4534,4224,4366,5121,4384,3129,2580,2724,3076,2739,1086.0
bts 콘서트 2018,2018-08-26,18:30,,2호선,신도림,하차,148,769,606,1039,1678,2835,2655,2979,3068,3100,2733,2798,2798,2653,2232,2150,2044,1902,1679,391.0
조용필 콘서트 2018,2018-05-12,19:30,,2호선,신도림,하차,251,1001,1003,1744,2320,3646,4287,4598,4708,4568,4410,4590,4526,4121,3170,2635,2645,2797,2960,878.0
월드 디제이 페스티벌,2018-05-26,14:00,22:00,2호선,신도림,하차,264,964,903,1823,2387,3618,4305,4843,5410,4552,4664,4993,5095,4884,3395,2976,2964,3132,3152,970.0
월드 디제이 페스티벌,2018-05-27,14:00,22:00,2호선,신도림,하차,226,930,688,1162,1700,3217,3262,3729,3569,2753,2964,3019,3636,3158,2450,2194,2284,2126,1996,402.0
아이유 콘서트,2022-09-17,19:00,21:30,2호선,영등포구청,하차,101,390,400,587,701,1013,970,1154,994,1136,1045,1222,1290,1039,712,581,599,527,506,41.0
아이유 콘서트,2022-09-18,19:00,21:30,2호선,영등포구청,하차,67,279,199,400,409,744,815,843,841,696,690,637,723,593,458,426,479,394,306,14.0
싸이 흠뻑쇼,2022-07-15,18:42,22:40,2호선,영등포구청,하차,126,570,1591,5561,2354,1025,873,816,862,807,888,1104,1478,2223,1484,791,703,685,536,335.0
싸이 흠뻑쇼,2022-07-16,18:42,22:40,2호선,영등포구청,하차,97,370,326,646,771,963,961,1036,807,926,833,904,904,809,593,529,502,490,512,47.0
싸이 흠뻑쇼,2022-07-17,18:42,22:40,2호선,영등포구청,하차,59,201,177,352,389,681,614,658,630,584,558,581,679,570,473,444,470,373,294,24.0
워터밤 2022,2022-06-24,12:00,22:00,2호선,영등포구청,하차,111,557,1550,5647,2218,944,818,730,904,893,901,1163,1514,2373,1489,764,753,646,558,292.0
워터밤 2022,2022-06-25,12:00,22:00,2호선,영등포구청,하차,108,421,334,595,805,980,1050,1092,1090,933,916,1010,1108,927,608,566,592,539,467,27.0
워터밤 2022,2022-06-26,12:00,22:00,2호선,영등포구청,하차,53,227,174,333,372,582,627,632,597,450,550,631,680,466,428,435,451,374,258,8.0
bts 콘서트 2019,2019-10-26,18:30,,2호선,영등포구청,하차,194,633,375,763,888,1079,1330,1272,1172,1303,1208,1182,1470,1428,954,775,735,705,578,168.0
bts 콘서트 2019,2019-10-27,18:30,,2호선,영등포구청,하차,99,419,225,411,446,738,775,816,776,711,781,756,823,757,568,528,606,518,387,20.0
bts 콘서트 2019,2019-10-29,18:30,,2호선,영등포구청,하차,118,672,1449,6243,2616,1073,1010,1032,1003,1021,1027,1176,1504,2555,1843,996,983,921,572,244.0
bts 콘서트 2018,2018-08-25,18:30,,2호선,영등포구청,하차,82,321,384,714,755,721,850,963,903,928,845,991,1389,1087,806,673,671,668,519,97.0
bts 콘서트 2018,2018-08-26,18:30,,2호선,영등포구청,하차,58,209,173,302,433,507,481,512,528,625,570,585,645,612,563,510,542,461,353,8.0
조용필 콘서트 2018,2018-05-12,19:30,,2호선,영등포구청,하차,137,535,466,768,867,859,933,1047,1018,958,876,1008,1136,1131,775,656,682,671,569,110.0
월드 디제이 페스티벌,2018-05-26,14:00,22:00,2호선,영등포구청,하차,163,484,404,818,845,791,839,901,1033,993,963,1181,1266,1200,878,737,709,731,676,120.0
월드 디제이 페스티벌,2018-05-27,14:00,22:00,2호선,영등포구청,하차,66,279,177,294,420,474,460,458,536,620,707,734,772,707,616,592,581,545,399,14.0
아이유 콘서트,2022-09-17,19:00,21:30,2호선,당산,하차,101,337,323,654,680,738,913,1006,977,1023,1028,1237,1395,1110,898,970,958,852,812,50.0
아이유 콘서트,2022-09-18,19:00,21:30,2호선,당산,하차,57,294,248,381,519,538,579,677,711,601,677,741,894,888,769,703,670,600,449,19.0
싸이 흠뻑쇼,2022-07-15,18:42,22:40,2호선,당산,하차,109,496,1255,3256,1476,668,621,639,732,760,878,1141,1785,2973,1958,1103,1117,1121,878,396.0
싸이 흠뻑쇼,2022-07-16,18:42,22:40,2호선,당산,하차,86,357,342,606,659,591,675,791,850,793,813,1040,1140,1093,876,835,820,856,803,39.0
싸이 흠뻑쇼,2022-07-17,18:42,22:40,2호선,당산,하차,51,235,231,302,383,417,511,524,519,551,638,689,765,764,678,698,657,515,376,16.0
워터밤 2022,2022-06-24,12:00,22:00,2호선,당산,하차,108,483,1264,3333,1479,673,539,628,772,777,947,1190,1787,3296,1902,1154,1119,1094,867,361.0
워터밤 2022,2022-06-25,12:00,22:00,2호선,당산,하차,96,364,314,527,704,673,708,778,813,867,1011,1154,1280,1174,862,816,851,1020,804,27.0
워터밤 2022,2022-06-26,12:00,22:00,2호선,당산,하차,52,242,233,286,435,407,392,479,593,576,670,735,686,731,659,617,597,529,470,8.0
bts 콘서트 2019,2019-10-26,18:30,,2호선,당산,하차,155,538,445,789,1178,1137,1032,1175,1349,1498,1567,1563,1867,1597,1290,1217,1270,1097,1030,163.0
bts 콘서트 2019,2019-10-27,18:30,,2호선,당산,하차,85,381,214,457,655,823,849,853,954,1090,1260,1063,1172,1100,959,936,868,767,572,26.0
bts 콘서트 2019,2019-10-29,18:30,,2호선,당산,하차,169,634,1376,4447,1904,893,765,820,940,936,1082,1342,1821,3376,2622,1610,1497,1441,923,278.0
bts 콘서트 2018,2018-08-25,18:30,,2호선,당산,하차,159,412,504,789,892,976,924,1165,1134,1083,1231,1396,1503,1571,1049,1084,1174,1127,861,223.0
bts 콘서트 2018,2018-08-26,18:30,,2호선,당산,하차,81,314,297,329,554,461,687,847,828,796,869,868,958,934,800,891,811,743,510,23.0
조용필 콘서트 2018,2018-05-12,19:30,,2호선,당산,하차,137,502,419,771,1014,942,959,1193,1244,1148,1239,1278,1433,1339,1013,1011,1082,1054,900,151.0
월드 디제이 페스티벌,2018-05-26,14:00,22:00,2호선,당산,하차,162,517,466,965,1074,1047,1045,1288,1243,1184,1408,1515,1652,1564,1136,1144,1319,1276,1011,202.0
월드 디제이 페스티벌,2018-05-27,14:00,22:00,2호선,당산,하차,80,353,318,447,650,588,844,803,997,958,930,978,1137,1067,941,842,905,851,579,29.0
아이유 콘서트,2022-09-17,19:00,21:30,2호선,합정,하차,117,436,657,918,1624,1996,2871,3269,3539,3296,3170,3485,4281,3270,2178,1349,1219,988,1135,69.0
아이유 콘서트,2022-09-18,19:00,21:30,2호선,합정,하차,65,287,387,634,999,1804,2090,2402,2745,2227,2379,2423,2342,1761,1290,955,801,714,581,86.0
싸이 흠뻑쇼,2022-07-15,18:42,22:40,2호선,합정,하차,138,506,1431,4065,3360,1656,1478,1458,1681,1656,1714,1984,3325,5371,3799,1744,1338,1136,1055,491.0
싸이 흠뻑쇼,2022-07-16,18:42,22:40,2호선,합정,하차,102,373,401,781,1311,1704,2546,2625,2933,2410,2744,2980,3566,3046,1816,1304,1048,937,933,122.0
싸이 흠뻑쇼,2022-07-17,18:42,22:40,2호선,합정,하차,46,236,291,540,985,1589,1768,1969,2308,1948,2058,2083,2024,1802,1101,887,811,605,506,88.0
워터밤 2022,2022-06-24,12:00,22:00,2호선,합정,하차,124,535,1297,4062,3365,1764,1492,1617,1701,1761,1628,2166,3108,5731,3726,1669,1351,1241,854,559.0
워터밤 2022,2022-06-25,12:00,22:00,2호선,합정,하차,115,421,509,869,1366,1854,2593,2979,3058,2638,2978,3336,3402,3093,1854,1369,1172,1092,893,179.0
워터밤 2022,2022-06-26,12:00,22:00,2호선,합정,하차,60,242,326,597,979,1471,1655,1954,2138,1953,1933,2019,2155,1546,1093,872,769,630,523,55.0
bts 콘서트 2019,2019-10-26,18:30,,2호선,합정,하차,158,747,677,1160,1934,2016,2573,3087,3538,3576,3245,3474,4117,3652,2821,2046,1772,1422,1585,260.0
bts 콘서트 2019,2019-10-27,18:30,,2호선,합정,하차,98,404,409,791,1303,1881,1986,2212,2934,2460,2169,2543,2462,2033,1557,1194,1070,995,718,118.0
bts 콘서트 2019,2019-10-29,18:30,,2호선,합정,하차,135,875,1624,4934,3553,1927,1496,1497,1563,1551,1607,1852,2434,4679,3430,1790,1380,1358,987,357.0
bts 콘서트 2018,2018-08-25,18:30,,2호선,합정,하차,155,585,599,844,1446,1531,2069,2614,2850,2907,2695,3166,3569,3243,2287,1790,1384,1259,941,478.0
bts 콘서트 2018,2018-08-26,18:30,,2호선,합정,하차,77,321,413,727,1090,1474,1490,1944,2305,1895,2060,1957,2076,1726,1302,1033,1001,868,608,82.0
조용필 콘서트 2018,2018-05-12,19:30,,2호선,합정,하차,115,566,727,1045,1789,1774,1990,2629,3113,3187,3026,3091,3718,3203,2273,1754,1400,1110,1157,175.0
월드 디제이 페스티벌,2018-05-26,14:00,22:00,2호선,합정,하차,179,701,665,955,1784,1759,2004,2586,3311,3037,3129,3002,3389,3502,2411,1862,1581,1472,1234,226.0
월드 디제이 페스티벌,2018-05-27,14:00,22:00,2호선,합정,하차,74,414,504,762,1171,1622,1593,2083,2426,2370,2086,2143,2360,2017,1325,1100,1016,812,600,96.0
아이유 콘서트,2022-09-17,19:00,21:30,2호선,홍대입구,하차,132,557,507,1266,2712,3590,5758,7137,8316,7714,7889,7866,7611,7018,5486,3774,3246,2841,2844,499.0
아이유 콘서트,2022-09-18,19:00,21:30,2호선,홍대입구,하차,110,285,345,788,1722,2746,4399,5861,5803,5820,5464,5130,5194,4028,2982,2228,1887,1749,1309,269.0
싸이 흠뻑쇼,2022-07-15,18:42,22:40,2호선,홍대입구,하차,157,697,1650,4341,4515,3198,3296,3981,4287,4095,4337,4968,7026,9902,6979,3699,3060,2467,1971,1111.0
싸이 흠뻑쇼,2022-07-16,18:42,22:40,2호선,홍대입구,하차,163,585,595,1221,2725,3880,5907,6815,7961,7607,7280,7493,7752,6776,4528,3160,2718,2295,1958,423.0
싸이 흠뻑쇼,2022-07-17,18:42,22:40,2호선,홍대입구,하차,91,315,336,836,1782,2664,4423,5970,6169,5927,5644,5418,4800,3953,2767,2122,1934,1288,983,264.0
워터밤 2022,2022-06-24,12:00,22:00,2호선,홍대입구,하차,151,616,1550,4330,4461,3034,2972,3942,4337,3732,4577,5228,6832,10113,7423,3429,3274,2452,2193,1076.0
워터밤 2022,2022-06-25,12:00,22:00,2호선,홍대입구,하차,146,578,575,1133,2433,3515,5377,7258,7569,7479,7175,7233,8020,6895,4587,3517,2998,2280,2417,713.0
워터밤 2022,2022-06-26,12:00,22:00,2호선,홍대입구,하차,93,329,354,652,1546,2246,3905,4897,5173,4922,4795,4774,4511,3661,2580,2042,1770,1481,1215,235.0
bts 콘서트 2019,2019-10-26,18:30,,2호선,홍대입구,하차,193,839,953,1839,3356,4731,6529,9474,10333,10491,10740,10239,12045,11918,9532,7013,6207,5476,5333,1094.0
bts 콘서트 2019,2019-10-27,18:30,,2호선,홍대입구,하차,112,568,606,1258,2307,3709,5546,7216,8398,8138,7695,7624,7520,6919,5252,4161,3517,3229,2623,477.0
bts 콘서트 2019,2019-10-29,18:30,,2호선,홍대입구,하차,165,826,1751,5241,6299,3603,3524,3922,4356,3919,4139,4849,6552,9808,7649,4226,3308,3337,2955,864.0
bts 콘서트 2018,2018-08-25,18:30,,2호선,홍대입구,하차,213,679,797,1548,3348,4212,5752,8252,9136,10150,9527,9335,10161,10037,7746,5876,5027,4159,3556,1315.0
bts 콘서트 2018,2018-08-26,18:30,,2호선,홍대입구,하차,90,418,511,1039,1975,3136,4765,6138,7081,6773,6525,6253,6226,5399,4720,3414,2937,3062,2271,476.0
조용필 콘서트 2018,2018-05-12,19:30,,2호선,홍대입구,하차,185,671,764,1497,3128,4082,5087,7318,8479,9037,8354,8587,9185,8742,6972,5239,4340,4065,2845,826.0
월드 디제이 페스티벌,2018-05-26,14:00,22:00,2호선,홍대입구,하차,215,796,887,1750,3362,4065,5539,8428,9902,9826,9949,9969,10672,10439,7548,6036,5707,4462,3897,1174.0
월드 디제이 페스티벌,2018-05-27,14:00,22:00,2호선,홍대입구,하차,112,507,554,932,2244,3272,4393,6186,7128,7493,7145,6468,6963,5835,4270,3449,2937,2530,2173,580.0
아이유 콘서트,2022-09-17,19:00,21:30,2호선,충정로(경기대입구),하차,42,184,128,289,382,442,473,525,519,447,467,535,498,442,342,256,310,263,253,29.0
아이유 콘서트,2022-09-18,19:00,21:30,2호선,충정로(경기대입구),하차,26,91,75,196,236,404,414,350,389,305,308,318,289,296,274,263,206,206,170,14.0
싸이 흠뻑쇼,2022-07-15,18:42,22:40,2호선,충정로(경기대입구),하차,55,282,977,2685,1077,431,329,349,431,381,393,428,607,889,602,327,350,316,304,131.0
싸이 흠뻑쇼,2022-07-16,18:42,22:40,2호선,충정로(경기대입구),하차,45,186,114,258,292,454,434,423,469,369,415,443,446,455,265,279,301,288,239,25.0
싸이 흠뻑쇼,2022-07-17,18:42,22:40,2호선,충정로(경기대입구),하차,28,97,68,183,184,342,314,291,288,267,272,274,283,286,245,217,229,227,156,10.0
워터밤 2022,2022-06-24,12:00,22:00,2호선,충정로(경기대입구),하차,35,247,989,2668,1073,451,358,335,434,401,397,465,594,921,590,380,357,350,276,146.0
워터밤 2022,2022-06-25,12:00,22:00,2호선,충정로(경기대입구),하차,43,168,137,278,376,418,405,460,557,470,468,460,477,362,244,263,292,343,250,17.0
워터밤 2022,2022-06-26,12:00,22:00,2호선,충정로(경기대입구),하차,18,105,69,166,157,266,230,318,308,295,260,263,291,233,261,230,215,194,164,9.0
bts 콘서트 2019,2019-10-26,18:30,,2호선,충정로(경기대입구),하차,44,236,156,452,444,668,625,690,712,647,678,753,824,540,487,392,402,450,386,59.0
bts 콘서트 2019,2019-10-27,18:30,,2호선,충정로(경기대입구),하차,13,154,109,332,293,558,482,381,504,530,518,400,444,457,344,364,354,305,265,10.0
bts 콘서트 2019,2019-10-29,18:30,,2호선,충정로(경기대입구),하차,34,242,867,3386,1736,623,471,423,556,539,501,600,658,1041,848,458,539,494,308,125.0
bts 콘서트 2018,2018-08-25,18:30,,2호선,충정로(경기대입구),하차,25,210,185,380,507,685,635,612,564,593,612,681,631,531,404,375,402,377,337,38.0
bts 콘서트 2018,2018-08-26,18:30,,2호선,충정로(경기대입구),하차,22,112,101,276,247,351,270,263,387,370,462,301,346,347,285,345,326,335,251,5.0
조용필 콘서트 2018,2018-05-12,19:30,,2호선,충정로(경기대입구),하차,43,220,196,417,411,567,628,762,632,561,728,723,779,480,489,410,429,408,352,81.0
월드 디제이 페스티벌,2018-05-26,14:00,22:00,2호선,충정로(경기대입구),하차,58,222,218,476,522,616,557,672,684,764,747,662,707,587,396,394,412,420,333,51.0
월드 디제이 페스티벌,2018-05-27,14:00,22:00,2호선,충정로(경기대입구),하차,33,108,116,282,268,325,366,406,463,389,361,363,430,360,324,311,322,323,258,16.0
아이유 콘서트,2022-09-17,19:00,21:30,2호선,시청,하차,48,378,386,542,833,720,901,934,890,925,725,787,798,500,281,243,248,254,310,27.0
아이유 콘서트,2022-09-18,19:00,21:30,2호선,시청,하차,18,171,217,360,477,515,567,569,656,503,512,437,390,279,171,194,158,137,215,9.0
싸이 흠뻑쇼,2022-07-15,18:42,22:40,2호선,시청,하차,68,738,2604,9380,3366,1012,851,905,936,806,697,596,900,1007,492,217,228,259,197,119.0
싸이 흠뻑쇼,2022-07-16,18:42,22:40,2호선,시청,하차,38,359,339,539,745,911,1402,1811,3306,2965,2604,1753,1298,695,272,167,243,184,161,40.0
싸이 흠뻑쇼,2022-07-17,18:42,22:40,2호선,시청,하차,21,146,177,315,331,486,498,594,558,564,547,350,384,261,120,153,132,124,118,7.0
워터밤 2022,2022-06-24,12:00,22:00,2호선,시청,하차,60,703,2575,9169,3664,1075,882,784,892,846,744,630,925,1054,473,229,231,210,196,142.0
워터밤 2022,2022-06-25,12:00,22:00,2호선,시청,하차,37,302,246,463,722,631,956,1045,1067,974,749,690,699,366,243,194,199,189,173,18.0
워터밤 2022,2022-06-26,12:00,22:00,2호선,시청,하차,22,148,194,305,356,372,489,520,537,501,404,322,310,205,140,141,155,110,104,14.0
bts 콘서트 2019,2019-10-26,18:30,,2호선,시청,하차,54,479,418,737,1328,1207,1443,1748,1825,1764,1422,1229,1219,960,582,367,343,393,363,95.0
bts 콘서트 2019,2019-10-27,18:30,,2호선,시청,하차,41,303,663,455,694,698,716,888,959,897,691,633,520,411,298,263,283,316,215,15.0
bts 콘서트 2019,2019-10-29,18:30,,2호선,시청,하차,68,678,2989,11526,4256,1448,1139,1209,1514,1294,944,881,995,1083,624,311,241,320,263,82.0
bts 콘서트 2018,2018-08-25,18:30,,2호선,시청,하차,64,355,395,706,1152,807,751,1092,959,924,869,742,809,602,372,284,289,351,328,38.0
bts 콘서트 2018,2018-08-26,18:30,,2호선,시청,하차,31,173,265,494,510,543,528,582,616,549,428,333,363,285,251,214,240,249,182,21.0
조용필 콘서트 2018,2018-05-12,19:30,,2호선,시청,하차,58,503,470,791,1269,834,1086,1146,1151,1077,779,847,1155,646,390,298,280,234,240,81.0
월드 디제이 페스티벌,2018-05-26,14:00,22:00,2호선,시청,하차,62,533,549,862,1365,1075,1022,1292,1403,1309,1100,1025,1126,827,607,381,360,315,284,58.0
월드 디제이 페스티벌,2018-05-27,14:00,22:00,2호선,시청,하차,34,223,273,486,653,632,562,639,746,624,491,450,534,307,231,234,220,223,190,21.0
아이유 콘서트,2022-09-17,19:00,21:30,2호선,을지로3가,하차,48,343,377,591,569,559,859,873,1019,1032,1136,1227,1443,1231,892,606,466,405,403,24.0
아이유 콘서트,2022-09-18,19:00,21:30,2호선,을지로3가,하차,34,280,244,591,624,776,815,747,840,790,701,669,712,611,484,294,344,215,251,6.0
싸이 흠뻑쇼,2022-07-15,18:42,22:40,2호선,을지로3가,하차,67,817,2981,7503,2881,1370,944,860,896,834,799,1018,1301,1930,1115,489,420,355,266,171.0
싸이 흠뻑쇼,2022-07-16,18:42,22:40,2호선,을지로3가,하차,31,356,375,519,566,547,760,753,1001,902,959,1151,1537,1146,686,487,423,361,303,11.0
싸이 흠뻑쇼,2022-07-17,18:42,22:40,2호선,을지로3가,하차,49,319,221,540,572,686,757,667,786,728,637,614,646,517,354,356,295,172,171,0.0
워터밤 2022,2022-06-24,12:00,22:00,2호선,을지로3가,하차,61,823,2946,7332,3030,1162,951,962,957,889,794,926,1323,2005,1260,548,405,375,314,142.0
워터밤 2022,2022-06-25,12:00,22:00,2호선,을지로3가,하차,46,300,350,543,625,616,795,980,1029,960,1008,1255,1348,1326,720,649,485,402,281,11.0
워터밤 2022,2022-06-26,12:00,22:00,2호선,을지로3가,하차,38,315,234,479,578,616,770,656,748,794,665,572,619,526,310,280,280,185,140,5.0
bts 콘서트 2019,2019-10-26,18:30,,2호선,을지로3가,하차,43,369,517,763,921,919,990,1211,1232,1283,1223,1432,1657,1525,956,729,600,606,477,47.0
bts 콘서트 2019,2019-10-27,18:30,,2호선,을지로3가,하차,41,373,334,711,936,1050,1251,992,1179,993,802,920,886,784,568,478,378,466,295,12.0
bts 콘서트 2019,2019-10-29,18:30,,2호선,을지로3가,하차,72,723,3061,7587,3826,1747,1194,1041,1202,984,884,884,1122,1531,827,458,358,445,364,74.0
bts 콘서트 2018,2018-08-25,18:30,,2호선,을지로3가,하차,48,312,464,898,930,699,838,891,1017,977,841,1048,928,751,524,483,414,413,380,39.0
bts 콘서트 2018,2018-08-26,18:30,,2호선,을지로3가,하차,26,356,369,653,837,815,943,805,904,739,541,539,474,414,346,298,346,352,230,10.0
조용필 콘서트 2018,2018-05-12,19:30,,2호선,을지로3가,하차,55,317,596,950,939,761,904,863,952,994,812,869,832,773,538,422,363,318,325,71.0
월드 디제이 페스티벌,2018-05-26,14:00,22:00,2호선,을지로3가,하차,65,354,579,937,1222,857,914,1002,1060,951,894,873,857,811,589,457,412,390,339,76.0
월드 디제이 페스티벌,2018-05-27,14:00,22:00,2호선,을지로3가,하차,56,368,391,654,911,972,1041,835,958,719,602,484,461,401,279,271,227,287,199,7.0
아이유 콘서트,2022-09-17,19:00,21:30,2호선,을지로4가,하차,48,366,386,609,537,625,761,778,794,757,763,667,613,517,385,218,200,191,358,14.0
아이유 콘서트,2022-09-18,19:00,21:30,2호선,을지로4가,하차,24,84,102,150,207,288,382,427,455,354,350,323,312,231,176,203,157,132,170,1.0
싸이 흠뻑쇼,2022-07-15,18:42,22:40,2호선,을지로4가,하차,64,606,1509,3481,1541,898,805,751,569,601,637,604,609,695,412,197,209,222,200,119.0
싸이 흠뻑쇼,2022-07-16,18:42,22:40,2호선,을지로4가,하차,43,339,346,579,514,561,662,560,647,596,552,544,637,418,253,184,172,155,168,1.0
싸이 흠뻑쇼,2022-07-17,18:42,22:40,2호선,을지로4가,하차,9,104,99,131,169,223,344,323,374,328,285,265,313,207,142,123,181,143,128,1.0
워터밤 2022,2022-06-24,12:00,22:00,2호선,을지로4가,하차,51,580,1433,3459,1652,939,825,731,817,678,605,627,597,717,473,221,206,160,134,88.0
워터밤 2022,2022-06-25,12:00,22:00,2호선,을지로4가,하차,55,322,408,564,550,599,747,762,791,744,626,610,590,506,255,186,172,172,167,5.0
워터밤 2022,2022-06-26,12:00,22:00,2호선,을지로4가,하차,25,97,114,143,192,239,315,370,420,357,287,264,276,216,161,155,130,155,96,2.0
bts 콘서트 2019,2019-10-26,18:30,,2호선,을지로4가,하차,34,288,442,884,870,886,1041,1076,1050,1084,959,819,810,622,375,282,271,328,294,25.0
bts 콘서트 2019,2019-10-27,18:30,,2호선,을지로4가,하차,19,125,162,214,288,445,483,571,616,590,589,463,357,308,202,220,243,280,230,8.0
bts 콘서트 2019,2019-10-29,18:30,,2호선,을지로4가,하차,44,447,1323,3766,1942,1006,1045,902,877,864,724,650,672,617,339,211,243,285,226,62.0
bts 콘서트 2018,2018-08-25,18:30,,2호선,을지로4가,하차,44,458,482,967,887,757,874,865,892,770,740,632,544,368,291,238,236,256,253,30.0
bts 콘서트 2018,2018-08-26,18:30,,2호선,을지로4가,하차,14,89,121,189,236,309,397,423,365,358,331,307,265,222,159,165,170,283,164,1.0
조용필 콘서트 2018,2018-05-12,19:30,,2호선,을지로4가,하차,38,400,514,1014,892,725,743,775,721,804,625,651,569,454,354,208,218,218,153,19.0
월드 디제이 페스티벌,2018-05-26,14:00,22:00,2호선,을지로4가,하차,41,457,526,1100,992,832,1015,1033,929,802,773,708,582,456,261,246,194,215,221,32.0
월드 디제이 페스티벌,2018-05-27,14:00,22:00,2호선,을지로4가,하차,15,133,124,214,276,307,406,509,467,405,347,300,329,272,169,178,155,155,133,2.0
아이유 콘서트,2022-09-17,19:00,21:30,2호선,동대문역사문화공원,하차,49,207,306,516,627,775,1082,1146,1160,1171,1022,877,1132,815,627,515,524,483,572,32.0
아이유 콘서트,2022-09-18,19:00,21:30,2호선,동대문역사문화공원,하차,39,139,156,291,495,777,863,891,1034,812,770,701,650,647,801,617,457,397,410,2.0
싸이 흠뻑쇼,2022-07-15,18:42,22:40,2호선,동대문역사문화공원,하차,65,351,1063,2270,1347,1047,959,953,848,945,913,790,944,1089,698,467,456,375,470,392.0
싸이 흠뻑쇼,2022-07-16,18:42,22:40,2호선,동대문역사문화공원,하차,43,219,274,635,671,894,1053,1145,1172,1340,1157,996,1049,841,514,439,429,443,460,5.0
싸이 흠뻑쇼,2022-07-17,18:42,22:40,2호선,동대문역사문화공원,하차,27,127,210,492,511,713,910,958,998,973,920,777,690,619,741,563,460,373,339,14.0
워터밤 2022,2022-06-24,12:00,22:00,2호선,동대문역사문화공원,하차,50,371,1039,2227,1587,998,919,877,1041,1144,925,843,969,1122,750,498,463,412,374,283.0
워터밤 2022,2022-06-25,12:00,22:00,2호선,동대문역사문화공원,하차,41,164,282,469,659,845,1175,1262,1241,1297,1086,932,907,724,444,454,443,379,425,4.0
워터밤 2022,2022-06-26,12:00,22:00,2호선,동대문역사문화공원,하차,18,116,180,509,473,630,804,884,869,787,743,666,552,543,675,528,407,323,270,5.0
bts 콘서트 2019,2019-10-26,18:30,,2호선,동대문역사문화공원,하차,64,239,562,1120,1159,1527,1715,1895,2106,2039,1734,1813,1804,1608,1265,1202,1010,1157,747,178.0
bts 콘서트 2019,2019-10-27,18:30,,2호선,동대문역사문화공원,하차,33,197,317,448,725,1113,1319,1511,1728,1641,1401,1385,1328,1338,1585,1275,994,1218,651,7.0
bts 콘서트 2019,2019-10-29,18:30,,2호선,동대문역사문화공원,하차,39,412,1159,2994,1784,1463,1284,1210,1339,1205,1162,1211,1302,1678,1971,1223,914,1044,674,228.0
bts 콘서트 2018,2018-08-25,18:30,,2호선,동대문역사문화공원,하차,50,318,460,977,1250,1333,1398,1624,1934,1768,1698,1377,1599,1405,1230,992,886,894,678,131.0
bts 콘서트 2018,2018-08-26,18:30,,2호선,동대문역사문화공원,하차,21,229,240,433,794,1137,1152,1302,1435,1356,1047,1100,1087,1092,1425,1173,1021,954,500,14.0
조용필 콘서트 2018,2018-05-12,19:30,,2호선,동대문역사문화공원,하차,43,357,512,1006,1035,1067,1377,1500,1905,1846,1709,1675,1706,1293,1152,954,792,643,419,139.0
월드 디제이 페스티벌,2018-05-26,14:00,22:00,2호선,동대문역사문화공원,하차,45,344,473,1115,1165,1759,1921,2022,2184,2281,2039,1735,1709,1467,1250,1130,950,760,704,270.0
월드 디제이 페스티벌,2018-05-27,14:00,22:00,2호선,동대문역사문화공원,하차,20,212,327,503,898,1866,1507,1822,2166,1693,1467,1406,1254,1097,1406,1075,985,714,548,17.0
아이유 콘서트,2022-09-17,19:00,21:30,2호선,신당,하차,34,248,392,629,580,591,780,966,942,882,932,1090,1220,1124,709,588,550,557,432,15.0
아이유 콘서트,2022-09-18,19:00,21:30,2호선,신당,하차,41,150,167,307,444,583,703,651,820,670,611,819,851,773,580,470,442,400,299,4.0
싸이 흠뻑쇼,2022-07-15,18:42,22:40,2호선,신당,하차,42,323,717,1364,881,589,643,619,780,726,792,999,1279,1974,1220,744,657,603,518,212.0
싸이 흠뻑쇼,2022-07-16,18:42,22:40,2호선,신당,하차,49,259,347,557,581,521,690,684,750,751,732,964,1130,972,581,483,496,551,446,11.0
싸이 흠뻑쇼,2022-07-17,18:42,22:40,2호선,신당,하차,38,143,205,257,402,584,566,634,601,603,627,635,649,609,550,517,488,426,337,3.0
워터밤 2022,2022-06-24,12:00,22:00,2호선,신당,하차,37,332,701,1312,880,626,629,648,756,742,828,1089,1287,2065,1213,718,637,675,539,249.0
워터밤 2022,2022-06-25,12:00,22:00,2호선,신당,하차,47,227,327,665,638,591,746,831,795,824,912,988,1017,892,683,595,589,543,474,7.0
워터밤 2022,2022-06-26,12:00,22:00,2호선,신당,하차,38,159,163,275,346,544,608,617,603,634,624,731,654,543,421,522,433,377,282,1.0
bts 콘서트 2019,2019-10-26,18:30,,2호선,신당,하차,57,263,426,685,619,677,865,978,974,1011,966,1242,1227,1070,863,770,742,678,640,78.0
bts 콘서트 2019,2019-10-27,18:30,,2호선,신당,하차,59,217,205,335,498,697,780,748,808,775,814,824,815,868,714,651,562,579,391,14.0
bts 콘서트 2019,2019-10-29,18:30,,2호선,신당,하차,47,298,789,1830,1098,783,694,756,828,825,844,1098,1237,1997,1484,841,867,783,563,210.0
bts 콘서트 2018,2018-08-25,18:30,,2호선,신당,하차,55,343,470,813,652,607,750,814,898,972,923,1009,1238,1105,797,674,640,670,570,65.0
bts 콘서트 2018,2018-08-26,18:30,,2호선,신당,하차,33,198,210,307,479,631,701,723,758,702,667,672,776,795,619,554,517,546,336,7.0
조용필 콘서트 2018,2018-05-12,19:30,,2호선,신당,하차,81,308,491,833,692,569,819,805,895,938,963,1033,1231,1080,910,652,670,677,572,95.0
월드 디제이 페스티벌,2018-05-26,14:00,22:00,2호선,신당,하차,87,336,481,882,708,670,847,843,1027,1064,994,1040,1311,1120,892,625,783,628,656,106.0
월드 디제이 페스티벌,2018-05-27,14:00,22:00,2호선,신당,하차,40,233,248,394,516,628,806,832,888,744,713,785,872,696,698,523,634,514,451,19.0
아이유 콘서트,2022-09-17,19:00,21:30,2호선,왕십리(성동구청),하차,33,190,188,427,507,511,775,877,854,883,911,1017,1224,1290,910,702,704,662,648,44.0
아이유 콘서트,2022-09-18,19:00,21:30,2호선,왕십리(성동구청),하차,32,164,123,286,273,364,509,573,657,633,706,779,813,756,678,575,519,450,473,20.0
싸이 흠뻑쇼,2022-07-15,18:42,22:40,2호선,왕십리(성동구청),하차,51,248,554,1154,701,508,508,583,640,670,764,958,1418,2445,1520,792,685,701,708,350.0
싸이 흠뻑쇼,2022-07-16,18:42,22:40,2호선,왕십리(성동구청),하차,32,155,192,440,441,585,679,703,739,729,821,1009,1163,1170,722,553,600,656,644,8.0
싸이 흠뻑쇼,2022-07-17,18:42,22:40,2호선,왕십리(성동구청),하차,38,112,124,230,330,399,492,510,662,573,634,646,792,747,580,577,536,507,441,3.0
워터밤 2022,2022-06-24,12:00,22:00,2호선,왕십리(성동구청),하차,52,252,566,1145,690,506,524,532,601,705,746,1005,1388,2660,1600,851,714,816,683,347.0
워터밤 2022,2022-06-25,12:00,22:00,2호선,왕십리(성동구청),하차,39,221,273,427,476,548,705,818,885,813,1004,1087,1217,1253,811,719,639,645,595,35.0
워터밤 2022,2022-06-26,12:00,22:00,2호선,왕십리(성동구청),하차,24,152,149,227,330,342,430,552,628,622,679,643,777,783,577,548,569,523,377,2.0
bts 콘서트 2019,2019-10-26,18:30,,2호선,왕십리(성동구청),하차,44,227,290,529,623,594,940,958,1111,1157,1043,1321,1563,1649,1324,1094,994,1054,742,127.0
bts 콘서트 2019,2019-10-27,18:30,,2호선,왕십리(성동구청),하차,56,280,237,265,454,571,637,722,788,782,806,1006,1176,1166,799,764,784,792,545,40.0
bts 콘서트 2019,2019-10-29,18:30,,2호선,왕십리(성동구청),하차,45,231,618,1381,975,629,595,565,706,645,749,960,1446,2595,1637,996,841,967,609,270.0
bts 콘서트 2018,2018-08-25,18:30,,2호선,왕십리(성동구청),하차,34,179,254,536,808,626,855,1169,1072,886,1060,1061,1307,1535,1101,896,855,901,731,119.0
bts 콘서트 2018,2018-08-26,18:30,,2호선,왕십리(성동구청),하차,35,197,184,229,386,409,455,579,669,682,722,773,841,1053,765,646,702,688,483,26.0
조용필 콘서트 2018,2018-05-12,19:30,,2호선,왕십리(성동구청),하차,62,268,311,598,708,705,894,896,1069,1065,1087,1181,1494,1492,1199,942,840,892,822,133.0
월드 디제이 페스티벌,2018-05-26,14:00,22:00,2호선,왕십리(성동구청),하차,71,258,294,679,811,741,960,946,1081,1001,1319,1111,1486,1475,1208,1102,936,891,895,150.0
월드 디제이 페스티벌,2018-05-27,14:00,22:00,2호선,왕십리(성동구청),하차,47,274,201,358,417,454,579,746,773,761,755,893,1003,1050,857,745,714,824,684,29.0
아이유 콘서트,2022-09-17,19:00,21:30,2호선,성수,하차,75,548,618,1093,1234,1330,1831,2344,2878,2733,2383,2627,2616,1895,1123,677,506,544,476,416.0
아이유 콘서트,2022-09-18,19:00,21:30,2호선,성수,하차,37,303,399,571,696,1076,1464,1904,1958,1922,1801,1741,1478,1123,765,482,441,359,482,89.0
싸이 흠뻑쇼,2022-07-15,18:42,22:40,2호선,성수,하차,163,1251,3402,11893,6071,2423,1744,1682,1982,1746,1817,1940,2256,3253,1852,890,614,549,415,377.0
싸이 흠뻑쇼,2022-07-16,18:42,22:40,2호선,성수,하차,80,563,554,1179,1072,1262,1837,2151,2447,2469,2258,2245,2289,1598,961,555,484,434,696,201.0
싸이 흠뻑쇼,2022-07-17,18:42,22:40,2호선,성수,하차,38,273,357,501,743,1167,1623,1799,2034,1843,1850,1687,1571,1173,698,476,390,371,481,82.0
워터밤 2022,2022-06-24,12:00,22:00,2호선,성수,하차,156,1277,3336,12089,6349,2376,1752,1685,1775,1691,1738,1901,2204,3261,2099,858,554,535,424,360.0
워터밤 2022,2022-06-25,12:00,22:00,2호선,성수,하차,95,564,666,1096,1259,1368,2072,2502,2810,2458,2411,2566,2261,1821,1007,626,528,454,634,206.0
워터밤 2022,2022-06-26,12:00,22:00,2호선,성수,하차,38,292,363,480,644,919,1169,1583,1755,1581,1503,1461,1281,934,636,447,416,391,474,86.0
bts 콘서트 2019,2019-10-26,18:30,,2호선,성수,하차,95,616,781,1397,1427,1141,1228,1560,1810,1876,1819,1867,2017,1709,1078,745,602,608,528,371.0
bts 콘서트 2019,2019-10-27,18:30,,2호선,성수,하차,42,416,335,531,666,831,852,1158,1205,1286,1257,1119,1271,1028,677,515,499,560,503,146.0
bts 콘서트 2019,2019-10-29,18:30,,2호선,성수,하차,201,1159,3047,12697,4956,1852,1351,1267,1327,1234,1233,1364,1563,1971,1435,864,734,688,445,266.0
bts 콘서트 2018,2018-08-25,18:30,,2호선,성수,하차,82,632,839,1658,895,794,1010,1024,1212,1175,1502,1896,2103,1293,934,652,600,609,535,373.0
bts 콘서트 2018,2018-08-26,18:30,,2호선,성수,하차,41,373,370,481,466,661,631,647,867,784,844,889,840,795,532,474,427,430,419,146.0
조용필 콘서트 2018,2018-05-12,19:30,,2호선,성수,하차,94,828,773,1699,1036,913,1081,1127,1037,1120,1127,1198,1245,1049,778,624,557,577,459,258.0
월드 디제이 페스티벌,2018-05-26,14:00,22:00,2호선,성수,하차,85,829,754,1630,998,939,1033,1336,1346,1447,1642,1815,2083,1491,976,753,610,619,685,427.0
월드 디제이 페스티벌,2018-05-27,14:00,22:00,2호선,성수,하차,41,366,363,505,592,775,619,795,931,978,1037,977,934,917,649,532,512,474,546,334.0
아이유 콘서트,2022-09-17,19:00,21:30,2호선,신설동,하차,16,48,101,154,219,365,349,356,319,319,275,256,189,171,110,99,95,114,124,10.0
아이유 콘서트,2022-09-18,19:00,21:30,2호선,신설동,하차,10,38,57,120,271,446,417,345,364,284,258,181,122,114,93,82,79,58,77,14.0
싸이 흠뻑쇼,2022-07-15,18:42,22:40,2호선,신설동,하차,16,68,181,565,279,215,233,220,297,239,231,218,266,307,202,110,108,128,93,54.0
싸이 흠뻑쇼,2022-07-16,18:42,22:40,2호선,신설동,하차,9,47,88,140,183,237,322,375,351,290,224,200,233,198,116,92,83,102,94,17.0
싸이 흠뻑쇼,2022-07-17,18:42,22:40,2호선,신설동,하차,10,47,73,92,264,458,402,334,320,283,216,150,136,109,80,73,97,73,76,18.0
워터밤 2022,2022-06-24,12:00,22:00,2호선,신설동,하차,15,62,200,568,335,280,205,191,216,233,191,174,214,326,154,111,117,89,115,60.0
워터밤 2022,2022-06-25,12:00,22:00,2호선,신설동,하차,12,57,104,169,250,380,332,348,345,271,262,220,192,156,87,94,99,77,90,28.0
워터밤 2022,2022-06-26,12:00,22:00,2호선,신설동,하차,10,39,60,105,222,400,339,344,356,234,221,123,99,77,74,56,84,82,70,7.0
bts 콘서트 2019,2019-10-26,18:30,,2호선,신설동,하차,15,62,146,214,287,395,419,450,403,435,358,261,293,170,123,118,97,144,87,25.0
bts 콘서트 2019,2019-10-27,18:30,,2호선,신설동,하차,19,48,80,147,322,459,439,468,465,441,341,206,155,144,103,96,95,152,96,4.0
bts 콘서트 2019,2019-10-29,18:30,,2호선,신설동,하차,20,69,228,656,418,239,209,222,200,181,205,183,229,256,212,113,116,138,123,38.0
bts 콘서트 2018,2018-08-25,18:30,,2호선,신설동,하차,11,61,114,186,223,324,396,466,566,413,333,290,292,213,151,120,94,120,100,6.0
bts 콘서트 2018,2018-08-26,18:30,,2호선,신설동,하차,7,39,69,152,296,441,407,370,382,315,251,200,139,113,72,118,110,135,73,8.0
조용필 콘서트 2018,2018-05-12,19:30,,2호선,신설동,하차,16,85,112,292,440,461,411,399,317,325,285,228,242,207,166,120,126,119,111,15.0
월드 디제이 페스티벌,2018-05-26,14:00,22:00,2호선,신설동,하차,16,87,118,238,380,472,405,428,433,386,319,276,354,168,121,133,98,132,105,14.0
월드 디제이 페스티벌,2018-05-27,14:00,22:00,2호선,신설동,하차,12,42,64,139,334,411,475,440,408,391,322,199,202,160,81,93,85,104,71,8.0
아이유 콘서트,2022-09-17,19:00,21:30,2호선,건대입구,하차,60,506,443,840,1440,1439,2085,2823,2894,3325,3154,3636,4149,4199,3199,2481,2097,2113,1604,137.0
아이유 콘서트,2022-09-18,19:00,21:30,2호선,건대입구,하차,44,342,294,462,752,1066,1630,1937,2317,2196,2244,2786,2926,2801,2145,1685,1733,1454,958,72.0
싸이 흠뻑쇼,2022-07-15,18:42,22:40,2호선,건대입구,하차,70,688,1090,2499,2045,1439,1586,1663,1824,1915,2094,2666,3669,7186,5112,2547,2291,2125,1591,836.0
싸이 흠뻑쇼,2022-07-16,18:42,22:40,2호선,건대입구,하차,57,469,449,824,1355,1385,2021,2539,2764,2613,2766,3370,4075,4042,2492,2175,1860,1925,1526,114.0
싸이 흠뻑쇼,2022-07-17,18:42,22:40,2호선,건대입구,하차,36,296,280,397,753,1003,1608,2003,2478,2299,2093,2592,2781,2588,1945,1801,1590,1437,1005,99.0
워터밤 2022,2022-06-24,12:00,22:00,2호선,건대입구,하차,77,701,1004,2571,1947,1449,1447,1771,1961,2001,2174,2760,4310,6935,4954,2617,2389,2124,1609,752.0
워터밤 2022,2022-06-25,12:00,22:00,2호선,건대입구,하차,67,522,475,943,1374,1499,1931,2619,2896,3114,3318,3703,4370,4213,3023,2354,2184,2111,1363,128.0
워터밤 2022,2022-06-26,12:00,22:00,2호선,건대입구,하차,37,328,257,444,714,1062,1510,1835,2204,1999,2187,2512,2670,2550,1974,1717,1709,1359,819,66.0
bts 콘서트 2019,2019-10-26,18:30,,2호선,건대입구,하차,91,804,656,1692,1829,1917,2499,3480,4165,3954,4167,4925,5852,5918,4958,3676,3167,3285,2274,298.0
bts 콘서트 2019,2019-10-27,18:30,,2호선,건대입구,하차,29,508,517,834,994,1456,2103,2734,3000,3157,3275,3541,3882,3866,2776,2297,2245,2272,1220,93.0
bts 콘서트 2019,2019-10-29,18:30,,2호선,건대입구,하차,93,676,1140,3373,2220,1980,1701,1862,2022,1980,2126,2697,4048,7238,5528,2697,2496,2664,1642,666.0
bts 콘서트 2018,2018-08-25,18:30,,2호선,건대입구,하차,85,550,560,1002,1641,1802,2467,3435,4016,4111,4283,4485,5146,5441,4351,3335,2958,2636,1932,278.0
bts 콘서트 2018,2018-08-26,18:30,,2호선,건대입구,하차,53,375,357,525,1021,1439,1887,2584,3092,2853,3112,3252,3460,3690,2618,2164,1993,1946,1081,67.0
조용필 콘서트 2018,2018-05-12,19:30,,2호선,건대입구,하차,71,562,634,1141,1598,1840,2517,3233,3636,3896,3884,4120,5287,5465,3941,3112,2849,2660,1929,611.0
월드 디제이 페스티벌,2018-05-26,14:00,22:00,2호선,건대입구,하차,90,594,591,1610,1898,2161,2937,3963,4730,4633,4720,4952,5925,6428,4709,3959,3409,3091,2424,526.0
월드 디제이 페스티벌,2018-05-27,14:00,22:00,2호선,건대입구,하차,45,463,374,533,1122,1498,2024,2977,3302,3403,3342,3602,4080,3955,3084,2450,2402,2063,1513,86.0
아이유 콘서트,2022-09-17,19:00,21:30,2호선,잠실(송파구청),하차,136,1084,1359,2425,4058,4376,5004,5710,5906,5863,5996,5945,5803,4320,3145,3185,2818,3320,1980,12.0
아이유 콘서트,2022-09-18,19:00,21:30,2호선,잠실(송파구청),하차,90,744,905,1678,3275,2969,4060,4477,4519,4368,4464,4109,4401,3453,2641,2210,1921,2423,1232,2.0
싸이 흠뻑쇼,2022-07-15,18:42,22:40,2호선,잠실(송파구청),하차,187,1124,2892,7984,6824,4016,3838,3928,3930,4145,4450,5018,7124,10697,6199,3452,3468,3704,2480,634.0
싸이 흠뻑쇼,2022-07-16,18:42,22:40,2호선,잠실(송파구청),하차,137,990,1324,2331,3991,3961,5132,5273,5480,5266,5688,5450,5812,4728,2915,2443,2476,3054,2446,1.0
싸이 흠뻑쇼,2022-07-17,18:42,22:40,2호선,잠실(송파구청),하차,103,656,795,1603,3284,3085,3539,3874,3957,4419,4071,4132,3486,3034,2479,2358,2049,2028,1435,2.0
워터밤 2022,2022-06-24,12:00,22:00,2호선,잠실(송파구청),하차,188,1130,2806,6188,5201,3791,3985,3847,3687,4030,4085,4682,7114,9966,5848,3355,3292,3651,2471,672.0
워터밤 2022,2022-06-25,12:00,22:00,2호선,잠실(송파구청),하차,166,1215,1358,2200,4172,4130,5227,5633,5814,5893,5770,5487,5460,4479,3071,2766,3332,2771,1937,1.0
워터밤 2022,2022-06-26,12:00,22:00,2호선,잠실(송파구청),하차,101,665,882,1346,2741,2933,3462,3809,4251,4414,3815,3975,3614,3083,2391,2394,2221,1808,1021,2.0
bts 콘서트 2019,2019-10-26,18:30,,2호선,잠실(송파구청),하차,223,2222,2462,4142,6098,5600,6084,7444,8081,8704,8013,9344,8119,7062,5175,3852,3461,4168,2441,325.0
bts 콘서트 2019,2019-10-27,18:30,,2호선,잠실(송파구청),하차,154,1249,1721,2831,4428,3954,5138,5577,6283,5638,6046,6030,5324,4347,3484,2795,2938,2729,1167,1.0
bts 콘서트 2019,2019-10-29,18:30,,2호선,잠실(송파구청),하차,202,1600,4097,8741,7069,4349,4009,3799,4279,3926,4346,5738,6949,9985,7687,4263,3736,4658,1986,543.0
bts 콘서트 2018,2018-08-25,18:30,,2호선,잠실(송파구청),하차,187,1355,1450,2938,4418,4785,6331,7108,7514,7454,7458,8286,6851,6027,4535,3455,3417,4286,2513,223.0
bts 콘서트 2018,2018-08-26,18:30,,2호선,잠실(송파구청),하차,138,840,1048,2120,3452,3661,4268,5364,5684,5378,5145,4840,4513,3798,3255,2652,2697,2640,1190,219.0
조용필 콘서트 2018,2018-05-12,19:30,,2호선,잠실(송파구청),하차,213,1855,2130,3381,4942,4450,5437,6449,6867,7091,7422,7211,7164,5936,4316,3167,3142,3832,2645,335.0
월드 디제이 페스티벌,2018-05-26,14:00,22:00,2호선,잠실(송파구청),하차,227,2037,1989,3063,4922,4674,5813,7028,7302,7983,7947,7616,7308,6663,4674,3887,3507,3682,2806,416.0
월드 디제이 페스티벌,2018-05-27,14:00,22:00,2호선,잠실(송파구청),하차,163,1163,1311,2112,3532,3353,4300,5067,5369,4866,4793,4773,5084,4345,3090,2736,2773,2479,1703,1.0
아이유 콘서트,2022-09-17,19:00,21:30,2호선,선릉,하차,98,989,973,1530,2149,2066,1833,2400,2332,1896,1451,1793,1489,1083,704,635,540,797,409,113.0
아이유 콘서트,2022-09-18,19:00,21:30,2호선,선릉,하차,49,391,393,687,1084,1187,860,1134,1229,980,780,849,904,682,607,516,446,546,342,35.0
싸이 흠뻑쇼,2022-07-15,18:42,22:40,2호선,선릉,하차,280,1694,5160,12630,9536,3933,2460,2194,2357,2131,1919,1879,2558,2738,1694,904,618,957,691,308.0
싸이 흠뻑쇼,2022-07-16,18:42,22:40,2호선,선릉,하차,106,902,892,1575,2033,1857,1843,1932,1998,1519,1380,1579,1336,990,704,588,568,764,636,62.0
싸이 흠뻑쇼,2022-07-17,18:42,22:40,2호선,선릉,하차,57,356,346,617,984,986,778,916,998,795,764,724,817,630,544,551,536,484,451,12.0
워터밤 2022,2022-06-24,12:00,22:00,2호선,선릉,하차,245,1567,5070,12434,9217,4238,2520,2235,2322,1993,1941,1834,2264,2736,1548,814,653,877,592,285.0
워터밤 2022,2022-06-25,12:00,22:00,2호선,선릉,하차,99,908,979,1466,2149,2077,1860,2123,2197,1575,1430,1450,1445,1029,690,639,640,704,472,15.0
워터밤 2022,2022-06-26,12:00,22:00,2호선,선릉,하차,52,382,340,609,950,1112,772,1012,1171,986,751,772,789,634,554,574,484,523,293,8.0
bts 콘서트 2019,2019-10-26,18:30,,2호선,선릉,하차,132,1194,1122,2046,3062,2988,2323,3183,3143,2408,1797,2084,1931,1444,1019,831,697,1266,547,59.0
bts 콘서트 2019,2019-10-27,18:30,,2호선,선릉,하차,45,491,473,843,1086,1442,1259,1420,1692,1267,1154,1067,1008,827,646,632,730,896,312,15.0
bts 콘서트 2019,2019-10-29,18:30,,2호선,선릉,하차,297,1930,4962,14833,10296,4778,2804,2242,2709,2502,2233,2140,2350,2785,1858,1025,843,1140,469,219.0
bts 콘서트 2018,2018-08-25,18:30,,2호선,선릉,하차,135,962,1048,2023,2918,2376,2094,2940,2881,2173,1856,1920,1779,1340,992,772,845,1053,528,100.0
bts 콘서트 2018,2018-08-26,18:30,,2호선,선릉,하차,47,402,386,906,1155,1095,1129,1226,1295,1092,960,950,848,743,569,638,620,724,311,61.0
조용필 콘서트 2018,2018-05-12,19:30,,2호선,선릉,하차,120,986,1172,1995,2494,2617,2225,2643,2857,2070,1818,1932,1812,1400,969,803,703,757,515,105.0
월드 디제이 페스티벌,2018-05-26,14:00,22:00,2호선,선릉,하차,143,1074,1166,2078,2840,2947,2366,2895,2472,2294,1927,1983,1842,1350,888,916,818,821,694,97.0
월드 디제이 페스티벌,2018-05-27,14:00,22:00,2호선,선릉,하차,49,463,463,815,1164,1076,1186,1222,1304,1079,854,854,863,787,626,569,557,520,336,64.0
아이유 콘서트,2022-09-17,19:00,21:30,2호선,강남,하차,267,1039,1030,3159,6324,4520,4496,4534,5643,4995,4040,4751,5184,4510,2871,2203,1840,2427,1519,35.0
아이유 콘서트,2022-09-18,19:00,21:30,2호선,강남,하차,102,506,585,1388,2222,1957,2330,3116,3579,2783,2731,2691,3389,2631,1923,1408,1236,1533,1057,4.0
싸이 흠뻑쇼,2022-07-15,18:42,22:40,2호선,강남,하차,476,2132,6565,13642,13414,5656,4130,4111,4476,4171,3946,4344,5795,9136,5968,2457,1914,1955,1831,669.0
싸이 흠뻑쇼,2022-07-16,18:42,22:40,2호선,강남,하차,255,1040,1257,3327,5935,4624,4153,4391,5551,4444,4083,4269,4757,4315,2630,1962,1669,2037,1896,13.0
싸이 흠뻑쇼,2022-07-17,18:42,22:40,2호선,강남,하차,121,526,664,1204,2319,1899,2158,2882,3243,2606,2584,2887,3010,2660,1778,1632,1271,1072,1024,0.0
워터밤 2022,2022-06-24,12:00,22:00,2호선,강남,하차,454,1940,6523,13309,12874,5998,3871,3800,4125,3967,3883,4186,6413,9375,5723,2557,1978,2245,1632,786.0
워터밤 2022,2022-06-25,12:00,22:00,2호선,강남,하차,261,951,1281,3393,6068,4558,4441,5014,5687,4948,4049,4797,5039,4534,2825,2207,2308,2007,1502,1.0
워터밤 2022,2022-06-26,12:00,22:00,2호선,강남,하차,122,499,621,1302,2080,1799,2294,2975,3296,2719,2793,2816,2992,2671,1912,1700,1477,1346,780,3.0
bts 콘서트 2019,2019-10-26,18:30,,2호선,강남,하차,353,1173,1645,4136,7852,6541,5926,7882,9149,7894,6407,6562,7934,8041,5878,4333,3171,4531,2556,235.0
bts 콘서트 2019,2019-10-27,18:30,,2호선,강남,하차,169,763,1069,1939,3496,3261,3949,4902,6024,4894,4479,4739,4792,4410,3073,2468,2043,2850,1030,1.0
bts 콘서트 2019,2019-10-29,18:30,,2호선,강남,하차,560,2307,7511,16095,14593,7555,5226,4547,5726,4735,4713,5070,6753,9702,7187,2881,2180,3508,1331,443.0
bts 콘서트 2018,2018-08-25,18:30,,2호선,강남,하차,288,1105,1795,4106,7628,6328,6642,7749,8998,7709,6959,6843,7164,7419,5038,3679,3086,3884,1963,282.0
bts 콘서트 2018,2018-08-26,18:30,,2호선,강남,하차,124,696,1017,1770,3314,3029,3734,4721,5315,4597,3884,4378,4287,4045,3108,2126,1986,2562,887,22.0
조용필 콘서트 2018,2018-05-12,19:30,,2호선,강남,하차,300,1052,2053,4493,7999,6559,5516,7795,8677,7523,7159,7025,7601,7543,5198,3480,2814,2621,1897,242.0
월드 디제이 페스티벌,2018-05-26,14:00,22:00,2호선,강남,하차,308,1207,1965,4307,7924,6598,6449,7526,8961,7898,7267,6644,7499,7568,5122,3948,3608,3639,2823,308.0
월드 디제이 페스티벌,2018-05-27,14:00,22:00,2호선,강남,하차,169,779,944,1746,3217,3104,3455,4682,5707,4833,4171,4506,4772,4006,2876,2254,2284,2041,1537,0.0
아이유 콘서트,2022-09-17,19:00,21:30,2호선,교대(법원.검찰청),하차,126,762,940,1311,1840,1462,1766,1690,1773,1471,1276,1494,1632,1299,953,911,802,867,510,45.0
아이유 콘서트,2022-09-18,19:00,21:30,2호선,교대(법원.검찰청),하차,96,319,422,615,928,743,845,971,1049,1019,823,984,1053,860,729,574,556,533,387,5.0
싸이 흠뻑쇼,2022-07-15,18:42,22:40,2호선,교대(법원.검찰청),하차,274,1010,2445,7122,5671,2855,2244,2036,2292,2050,2024,2098,2754,3427,1959,973,845,915,714,208.0
싸이 흠뻑쇼,2022-07-16,18:42,22:40,2호선,교대(법원.검찰청),하차,129,624,931,1318,1803,1478,1602,1484,1619,1425,1201,1450,1600,1306,819,617,676,721,600,7.0
싸이 흠뻑쇼,2022-07-17,18:42,22:40,2호선,교대(법원.검찰청),하차,88,326,384,539,1044,790,762,911,901,849,729,848,927,843,573,558,564,565,325,6.0
워터밤 2022,2022-06-24,12:00,22:00,2호선,교대(법원.검찰청),하차,281,937,2335,6838,5947,2786,2333,2060,2172,1995,2123,2014,2971,3784,1961,985,867,873,722,214.0
워터밤 2022,2022-06-25,12:00,22:00,2호선,교대(법원.검찰청),하차,149,687,900,1320,1934,1536,1673,1594,1619,1457,1190,1578,1611,1314,813,653,755,688,496,34.0
워터밤 2022,2022-06-26,12:00,22:00,2호선,교대(법원.검찰청),하차,89,330,421,530,1019,713,785,814,1015,866,797,897,920,797,576,638,546,521,297,5.0
bts 콘서트 2019,2019-10-26,18:30,,2호선,교대(법원.검찰청),하차,148,1317,1584,1681,2564,2080,1919,2358,2346,2191,2082,2764,3326,3036,1735,1220,1008,1375,659,55.0
bts 콘서트 2019,2019-10-27,18:30,,2호선,교대(법원.검찰청),하차,105,518,673,762,1367,1096,1122,1378,1440,1342,1101,1282,1415,1305,924,813,805,891,447,6.0
bts 콘서트 2019,2019-10-29,18:30,,2호선,교대(법원.검찰청),하차,329,1193,2974,7879,6515,3406,2475,2186,2752,2389,2302,2286,2918,4225,2587,1282,1119,1365,612,207.0
bts 콘서트 2018,2018-08-25,18:30,,2호선,교대(법원.검찰청),하차,152,820,1298,1631,2412,1675,1693,2067,2381,1969,1589,1671,1960,1777,1095,986,918,1267,674,111.0
bts 콘서트 2018,2018-08-26,18:30,,2호선,교대(법원.검찰청),하차,112,441,568,903,1293,914,957,1189,1353,1140,1025,1141,1103,1057,719,806,655,787,367,2.0
조용필 콘서트 2018,2018-05-12,19:30,,2호선,교대(법원.검찰청),하차,171,971,1898,1501,2609,1829,1635,2478,2345,2134,1914,1816,2075,1825,1244,973,847,1006,673,82.0
월드 디제이 페스티벌,2018-05-26,14:00,22:00,2호선,교대(법원.검찰청),하차,191,1062,1692,1502,2607,1987,1902,2421,2378,2272,1951,1913,1885,1854,1194,1105,1013,1194,728,85.0
월드 디제이 페스티벌,2018-05-27,14:00,22:00,2호선,교대(법원.검찰청),하차,96,519,642,772,1394,993,1054,1337,1458,1263,1015,1126,1214,1048,713,779,805,723,569,3.0
아이유 콘서트,2022-09-17,19:00,21:30,2호선,사당,하차,159,1675,1004,1032,1748,1809,2305,2639,2473,2239,2874,3477,4125,3358,2336,2394,2064,2572,1913,216.0
아이유 콘서트,2022-09-18,19:00,21:30,2호선,사당,하차,91,1108,807,742,1365,1420,1549,1960,1893,1700,1747,2132,2324,2347,1897,1702,1585,1622,1310,63.0
싸이 흠뻑쇼,2022-07-15,18:42,22:40,2호선,사당,하차,175,993,1825,2933,1759,1417,1600,1676,1671,1691,2070,2824,4824,7907,4916,2325,2258,2671,2455,726.0
싸이 흠뻑쇼,2022-07-16,18:42,22:40,2호선,사당,하차,142,1360,1062,1054,1372,1602,2360,2404,2332,2101,2454,3306,3904,3280,2036,1796,2141,2214,2025,121.0
싸이 흠뻑쇼,2022-07-17,18:42,22:40,2호선,사당,하차,77,1042,697,673,1017,1016,1432,1558,1556,1533,1764,1908,2117,2042,1745,1477,1613,1373,1012,78.0
워터밤 2022,2022-06-24,12:00,22:00,2호선,사당,하차,183,911,1798,2757,1833,1435,1744,1769,1773,1763,2123,3204,5148,8103,5434,2640,2227,2812,2607,840.0
워터밤 2022,2022-06-25,12:00,22:00,2호선,사당,하차,169,1561,1154,1255,1698,1804,2565,2643,2372,2265,2670,3988,4437,3253,2117,1925,2456,2371,1632,274.0
워터밤 2022,2022-06-26,12:00,22:00,2호선,사당,하차,111,961,580,630,1122,1145,1592,1753,1808,1602,1858,2211,2328,2129,1781,1692,1706,1552,839,56.0
bts 콘서트 2019,2019-10-26,18:30,,2호선,사당,하차,190,2109,1783,1703,2248,2085,2624,2826,2846,3015,3085,3976,4856,4737,3388,2889,2866,3285,2334,298.0
bts 콘서트 2019,2019-10-27,18:30,,2호선,사당,하차,145,1731,1306,1062,1635,1500,1603,1985,2101,2081,2406,2728,2899,3074,2356,2153,2085,2266,1135,72.0
bts 콘서트 2019,2019-10-29,18:30,,2호선,사당,하차,156,1171,2260,3898,2492,1803,1984,1822,1841,1920,2252,3048,4578,7161,5494,3090,2798,3457,1710,667.0
bts 콘서트 2018,2018-08-25,18:30,,2호선,사당,하차,142,1263,1007,1505,1979,1842,2117,2660,2500,2578,3007,3691,4389,4271,2923,2520,2611,3100,2131,209.0
bts 콘서트 2018,2018-08-26,18:30,,2호선,사당,하차,84,1020,793,798,1451,1385,1439,1717,1845,1882,2001,2399,2443,2642,2114,2096,1936,2175,1079,93.0
조용필 콘서트 2018,2018-05-12,19:30,,2호선,사당,하차,134,1771,1500,1840,1952,1766,2324,2764,2711,2677,2709,3649,4385,4468,2956,2260,2334,2836,2401,250.0
월드 디제이 페스티벌,2018-05-26,14:00,22:00,2호선,사당,하차,154,1735,1909,1862,2174,2076,2427,2951,2705,2960,3041,3679,4536,4527,3101,2833,3006,3016,2488,411.0
월드 디제이 페스티벌,2018-05-27,14:00,22:00,2호선,사당,하차,85,1279,1031,1082,1598,1633,1651,1822,2108,1936,2039,2493,3173,2783,2271,2159,2382,2086,1419,121.0
아이유 콘서트,2022-09-17,19:00,21:30,2호선,대림(구로구청),하차,120,263,318,640,849,879,1031,1251,1133,1079,1217,1703,1966,1561,1261,1045,1588,1258,942,83.0
아이유 콘서트,2022-09-18,19:00,21:30,2호선,대림(구로구청),하차,78,250,247,505,727,1131,1243,1023,1124,1024,1052,1212,1198,1126,978,939,1242,963,545,14.0
싸이 흠뻑쇼,2022-07-15,18:42,22:40,2호선,대림(구로구청),하차,127,424,1057,2282,1226,885,876,978,1032,1011,1335,1673,2206,2739,2143,1341,1743,1723,968,428.0
싸이 흠뻑쇼,2022-07-16,18:42,22:40,2호선,대림(구로구청),하차,120,339,355,661,798,954,1025,1115,1092,1132,1297,1555,1965,1398,1172,1130,1546,1347,874,44.0
싸이 흠뻑쇼,2022-07-17,18:42,22:40,2호선,대림(구로구청),하차,75,250,281,513,724,1188,1494,1113,1043,956,937,1072,1136,1085,929,882,1164,1034,551,42.0
워터밤 2022,2022-06-24,12:00,22:00,2호선,대림(구로구청),하차,117,435,903,2334,1238,908,990,1023,1072,1079,1261,1642,2274,2625,2206,1375,1691,1752,972,346.0
워터밤 2022,2022-06-25,12:00,22:00,2호선,대림(구로구청),하차,151,307,359,682,844,960,1091,1204,1224,1112,1267,1753,2135,1544,1257,1059,1403,1481,848,66.0
워터밤 2022,2022-06-26,12:00,22:00,2호선,대림(구로구청),하차,97,309,294,503,723,1419,1493,1166,1075,1047,1130,1190,1280,1003,962,872,1121,916,540,23.0
bts 콘서트 2019,2019-10-26,18:30,,2호선,대림(구로구청),하차,150,448,550,1186,1017,1287,1308,1385,1545,1567,1617,1951,3154,2645,1737,1531,2196,1961,1210,311.0
bts 콘서트 2019,2019-10-27,18:30,,2호선,대림(구로구청),하차,157,457,414,636,1171,1909,2001,1601,1811,1812,1632,1756,1894,1861,1347,1135,1604,1573,875,17.0
bts 콘서트 2019,2019-10-29,18:30,,2호선,대림(구로구청),하차,134,469,1029,2768,1698,1321,1236,1212,1428,1363,1757,1917,2887,3664,2571,1793,2237,2422,1172,326.0
bts 콘서트 2018,2018-08-25,18:30,,2호선,대림(구로구청),하차,141,467,438,934,1280,1095,1216,1352,1445,1412,1575,1973,2591,2294,1643,1522,1842,1900,1183,174.0
bts 콘서트 2018,2018-08-26,18:30,,2호선,대림(구로구청),하차,105,353,379,643,1125,1617,1984,1306,1314,1462,1360,1493,1638,1526,1203,1178,1647,1334,722,41.0
조용필 콘서트 2018,2018-05-12,19:30,,2호선,대림(구로구청),하차,115,423,422,1238,1341,1101,1409,1257,1439,1578,1441,1925,2305,2076,1605,1399,1905,1835,1321,171.0
월드 디제이 페스티벌,2018-05-26,14:00,22:00,2호선,대림(구로구청),하차,168,468,468,1026,1140,1122,1276,1421,1509,1647,1647,2081,2812,2715,1897,1757,2059,2063,1338,252.0
월드 디제이 페스티벌,2018-05-27,14:00,22:00,2호선,대림(구로구청),하차,111,398,349,694,1283,1761,2325,1502,1525,1516,1614,1665,1897,1830,1554,1252,1763,1477,876,50.0
