행사명,날짜,시작 시간,끝나는 시간,가까운 지하철역,호선,환승역,승하차구분,05 ~ 06,06 ~ 07,07 ~ 08,08 ~ 09,09 ~ 10,10 ~ 11,11 ~ 12,12 ~ 13,13 ~ 14,14 ~ 15,15 ~ 16,16 ~ 17,17 ~ 18,18 ~ 19,19 ~ 20,20 ~ 21,21 ~ 22,22 ~ 23,23 ~ 24,00 ~ 01
아이유 콘서트,2022-09-17,19:00,21:30,종합운동장역,2호선,신도림,하차,163.0,485.5,566.0,884.5,1070.5,1715.0,2035.5,2165.5,2226.0,2099.5,2364.0,2526.0,2776.0,2340.0,1863.0,1573.0,1645.5,1545.0,1442.5,526.0
아이유 콘서트,2022-09-18,19:00,21:30,종합운동장역,2호선,신도림,하차,141.0,457.5,368.5,670.5,1036.5,1748.5,1516.5,1794.5,1977.0,1932.5,2038.5,2028.0,2214.0,2064.0,1691.5,1400.0,1488.0,1349.5,1204.5,414.5
싸이 흠뻑쇼,2022-07-15,18:42,22:40,종합운동장역,2호선,신도림,하차,180.5,733.5,1636.0,4568.0,2277.5,1830.5,1762.5,1790.5,1968.0,1988.5,2335.5,2869.0,4216.5,7628.0,5079.0,2599.5,2451.5,2417.5,2104.5,1361.5
싸이 흠뻑쇼,2022-07-16,18:42,22:40,종합운동장역,2호선,신도림,하차,179.0,598.0,695.0,1164.0,1460.5,2228.5,2576.5,2917.0,2949.0,2635.5,2776.0,3255.0,3558.5,3033.5,2048.0,1798.0,2009.5,1960.0,1972.0,583.0
싸이 흠뻑쇼,2022-07-17,18:42,22:40,종합운동장역,2호선,신도림,하차,126.5,554.0,418.5,739.5,1024.0,1885.0,1782.0,2059.5,2176.5,1931.5,1996.5,2056.5,2219.0,2039.0,1677.5,1548.0,1591.0,1308.0,1144.5,237.0
워터밤 2022,2022-06-24,12:00,22:00,종합운동장역,2호선,신도림,하차,178.5,755.0,1727.0,4764.0,2399.0,1917.5,1930.0,1884.5,2063.0,2033.0,2461.0,2953.0,4427.0,7909.0,5395.5,2649.5,2496.5,2555.5,2454.0,1484.5
워터밤 2022,2022-06-25,12:00,22:00,종합운동장역,2호선,신도림,하차,185.5,768.0,707.5,1297.5,1620.0,2702.0,2868.5,3265.0,3362.5,3056.5,3155.0,3420.5,3827.5,3262.5,2214.0,1907.5,2110.5,2159.0,2187.0,643.5
워터밤 2022,2022-06-26,12:00,22:00,종합운동장역,2호선,신도림,하차,156.0,545.5,493.0,826.5,1125.5,2104.5,2119.0,2263.5,2329.0,2126.0,2288.0,2269.0,2309.5,2189.5,1668.5,1600.5,1510.5,1430.5,1230.5,267.0
bts 콘서트 2019,2019-10-26,18:30,,종합운동장역,2호선,신도림,하차,259.0,1010.0,990.0,1956.5,2222.0,3615.0,4457.5,4672.5,5044.0,4491.0,4523.0,5353.0,5144.0,4660.0,3411.0,2776.5,2757.5,2942.0,2881.5,741.0
bts 콘서트 2019,2019-10-27,18:30,,종합운동장역,2호선,신도림,하차,207.5,875.5,677.5,1099.5,1699.5,3231.0,3010.5,3317.5,3571.0,3378.0,2965.5,3008.0,3172.0,3054.0,2409.0,2041.0,2087.5,1866.0,1541.0,293.0
bts 콘서트 2019,2019-10-29,18:30,,종합운동장역,2호선,신도림,하차,222.0,799.0,1849.5,6125.0,3417.0,2466.0,2282.5,2304.0,2491.0,2532.5,2780.5,3399.5,4606.5,7827.0,6421.0,3416.0,3290.0,3309.5,2161.0,1188.0
bts 콘서트 2018,2018-08-25,18:30,,종합운동장역,2호선,신도림,하차,224.0,788.0,894.5,1811.0,2353.5,3337.0,4008.5,4355.5,4485.5,4207.5,4182.0,4416.5,4839.0,4235.5,3048.5,2586.0,2418.0,2505.5,2971.0,1101.0
bts 콘서트 2018,2018-08-26,18:30,,종합운동장역,2호선,신도림,하차,211.0,741.0,636.5,1106.0,1685.0,3012.0,2726.0,3155.0,3065.0,2917.0,2782.0,2928.0,2921.0,2842.5,2386.5,2025.0,2114.5,1834.5,1661.5,334.5
조용필 콘서트 2018,2018-05-12,19:30,,종합운동장역,2호선,신도림,하차,294.5,1073.0,958.5,1497.5,2023.5,3139.0,3943.5,4339.5,4242.0,3837.5,3961.0,4358.5,4547.5,4445.0,3306.5,2858.5,2735.0,2914.0,3176.0,907.5
월드 디제이 페스티벌,2018-05-26,14:00,22:00,종합운동장역,2호선,신도림,하차,326.0,1023.5,1039.0,1713.5,2306.0,3682.0,4547.0,4868.5,4942.0,4594.5,4717.0,5164.0,5114.5,4538.5,3487.5,2955.0,2995.0,3093.5,3135.5,911.0
월드 디제이 페스티벌,2018-05-27,14:00,22:00,종합운동장역,2호선,신도림,하차,215.5,841.0,739.0,1162.0,1890.5,3167.0,3022.5,3599.5,3538.5,2902.5,2861.0,3082.0,3220.5,3101.0,2505.5,2278.5,2324.0,2121.5,2000.5,440.5
아이유 콘서트,2022-09-17,19:00,21:30,종합운동장역,2호선,영등포구청,하차,87.0,268.5,232.5,439.0,486.5,669.5,660.5,710.5,732.5,749.0,683.5,810.0,793.5,676.5,467.0,439.5,423.0,383.0,334.0,53.5
아이유 콘서트,2022-09-18,19:00,21:30,종합운동장역,2호선,영등포구청,하차,55.5,205.5,155.5,280.0,364.5,514.0,527.5,604.0,569.0,534.5,550.0,550.0,575.5,543.5,433.0,401.5,428.0,360.5,280.0,36.0
싸이 흠뻑쇼,2022-07-15,18:42,22:40,종합운동장역,2호선,영등포구청,하차,108.5,532.0,1577.0,5529.5,2301.5,961.0,832.5,753.5,842.5,794.0,900.5,1029.0,1375.5,2208.0,1570.0,755.0,665.0,642.5,527.5,274.5
싸이 흠뻑쇼,2022-07-16,18:42,22:40,종합운동장역,2호선,영등포구청,하차,88.0,345.5,302.5,635.5,752.0,787.0,825.5,912.0,968.5,911.0,774.0,916.0,992.0,795.0,611.5,529.0,521.5,484.0,419.5,49.0
싸이 흠뻑쇼,2022-07-17,18:42,22:40,종합운동장역,2호선,영등포구청,하차,52.5,173.5,156.5,310.5,341.0,427.5,474.5,568.0,561.5,491.0,506.0,503.5,592.5,532.0,440.0,395.0,445.5,339.0,257.5,5.5
워터밤 2022,2022-06-24,12:00,22:00,종합운동장역,2호선,영등포구청,하차,105.5,603.0,1647.0,5686.0,2314.5,1006.5,891.5,830.0,921.5,854.0,912.0,1065.0,1382.0,2344.0,1540.5,726.5,719.0,650.0,516.0,291.5
워터밤 2022,2022-06-25,12:00,22:00,종합운동장역,2호선,영등포구청,하차,127.5,410.0,343.0,611.5,764.5,945.0,949.5,1145.0,1097.5,1057.0,1016.5,1282.0,1125.5,902.0,613.5,495.5,571.5,544.5,552.0,62.5
워터밤 2022,2022-06-26,12:00,22:00,종합운동장역,2호선,영등포구청,하차,72.0,212.0,155.0,358.0,401.5,572.5,677.0,733.0,742.0,597.0,601.5,593.5,675.0,549.5,473.0,432.5,473.0,414.0,235.5,36.5
bts 콘서트 2019,2019-10-26,18:30,,종합운동장역,2호선,영등포구청,하차,186.5,640.5,408.5,754.0,828.5,972.0,1104.5,1186.5,1234.5,1345.5,1210.5,1291.0,1325.5,1226.0,901.0,732.0,700.0,661.5,554.0,53.5
bts 콘서트 2019,2019-10-27,18:30,,종합운동장역,2호선,영등포구청,하차,103.0,358.5,210.0,407.0,467.0,783.0,828.0,779.5,814.0,734.0,786.0,764.0,816.0,754.0,667.0,564.5,563.5,503.0,337.0,10.5
bts 콘서트 2019,2019-10-29,18:30,,종합운동장역,2호선,영등포구청,하차,133.5,617.5,1542.5,6153.5,2467.0,1080.0,886.0,1039.0,1029.5,999.0,1036.0,1123.5,1451.5,2468.0,1877.0,1056.0,960.5,905.0,539.5,246.5
bts 콘서트 2018,2018-08-25,18:30,,종합운동장역,2호선,영등포구청,하차,87.5,330.5,358.5,757.0,770.5,771.0,806.5,902.5,859.5,868.0,806.5,964.5,1200.5,1153.5,765.5,684.0,562.0,550.5,640.5,82.0
bts 콘서트 2018,2018-08-26,18:30,,종합운동장역,2호선,영등포구청,하차,65.5,229.5,191.0,318.5,448.5,583.5,511.0,544.5,589.5,631.0,654.5,687.0,775.0,684.5,604.5,566.0,539.5,477.0,381.0,20.0
조용필 콘서트 2018,2018-05-12,19:30,,종합운동장역,2호선,영등포구청,하차,158.0,477.5,370.5,641.5,765.0,652.5,792.5,801.5,862.5,923.5,819.0,940.5,1081.5,1079.0,842.0,753.0,690.5,723.5,584.5,92.0
월드 디제이 페스티벌,2018-05-26,14:00,22:00,종합운동장역,2호선,영등포구청,하차,143.0,489.0,437.0,827.5,929.5,790.0,944.0,926.5,1012.5,1028.0,906.5,1052.0,1152.0,1116.5,840.5,757.0,725.0,764.5,629.0,123.0
월드 디제이 페스티벌,2018-05-27,14:00,22:00,종합운동장역,2호선,영등포구청,하차,77.5,294.0,149.5,329.0,468.0,544.0,625.0,551.5,590.0,587.0,642.0,698.0,758.0,768.0,624.0,576.0,596.5,539.5,433.5,35.5
아이유 콘서트,2022-09-17,19:00,21:30,종합운동장역,2호선,당산,하차,67.0,267.5,258.5,479.5,505.5,566.0,539.5,665.5,698.0,695.0,804.5,925.0,930.5,892.5,754.5,664.5,679.5,679.5,499.5,48.5
아이유 콘서트,2022-09-18,19:00,21:30,종합운동장역,2호선,당산,하차,49.5,174.5,170.5,268.0,375.5,448.5,433.5,536.5,661.0,627.5,698.0,711.0,751.5,736.5,686.5,635.5,592.0,548.0,438.5,35.0
싸이 흠뻑쇼,2022-07-15,18:42,22:40,종합운동장역,2호선,당산,하차,112.0,510.0,1276.0,3245.5,1425.5,618.5,583.5,671.0,667.0,736.5,831.0,1130.5,1772.5,3087.5,2001.0,1033.5,1109.0,1118.0,834.0,336.0
싸이 흠뻑쇼,2022-07-16,18:42,22:40,종합운동장역,2호선,당산,하차,94.0,314.0,291.0,558.0,657.0,603.5,690.0,749.5,797.5,711.5,789.5,1025.0,1099.0,1004.0,764.5,769.0,853.0,796.0,672.5,39.0
싸이 흠뻑쇼,2022-07-17,18:42,22:40,종합운동장역,2호선,당산,하차,53.0,234.5,211.0,314.5,425.5,399.0,417.0,462.5,552.5,542.0,577.5,686.0,720.5,770.0,643.5,620.0,618.5,523.0,399.5,8.0
워터밤 2022,2022-06-24,12:00,22:00,종합운동장역,2호선,당산,하차,108.0,488.5,1346.5,3278.0,1478.0,674.0,641.5,661.5,762.0,779.5,977.5,1166.0,1857.0,3196.5,2082.5,1123.5,1134.5,1221.5,847.0,387.0
워터밤 2022,2022-06-25,12:00,22:00,종합운동장역,2호선,당산,하차,97.5,358.0,318.5,551.0,714.5,697.5,742.0,832.0,882.0,812.5,891.5,1138.5,1245.5,1088.5,952.5,803.5,861.5,871.5,779.0,86.0
워터밤 2022,2022-06-26,12:00,22:00,종합운동장역,2호선,당산,하차,65.5,243.0,209.5,331.5,431.5,437.0,495.5,545.0,610.0,562.5,624.0,767.0,764.5,772.5,663.5,661.5,653.0,602.0,411.5,26.0
bts 콘서트 2019,2019-10-26,18:30,,종합운동장역,2호선,당산,하차,149.0,481.0,418.5,804.0,1060.5,1000.5,1155.0,1197.0,1316.0,1390.0,1477.0,1705.0,1872.0,1646.0,1322.0,1170.0,1134.0,1126.0,939.0,69.0
bts 콘서트 2019,2019-10-27,18:30,,종합운동장역,2호선,당산,하차,80.0,302.0,237.5,461.0,599.0,755.5,854.0,914.5,901.0,910.0,1069.5,1097.0,1144.0,1165.5,923.0,849.5,829.5,694.0,543.5,12.0
bts 콘서트 2019,2019-10-29,18:30,,종합운동장역,2호선,당산,하차,174.0,638.5,1455.5,4521.5,2009.5,878.0,809.5,820.5,1021.5,973.0,1092.5,1319.0,1855.5,3329.0,2525.0,1573.0,1537.0,1456.5,861.0,249.0
bts 콘서트 2018,2018-08-25,18:30,,종합운동장역,2호선,당산,하차,168.5,423.0,398.5,753.5,885.0,761.5,890.0,1132.5,1048.5,1064.5,1142.0,1314.0,1501.5,1493.0,1230.5,1028.5,944.0,935.5,995.5,140.5
bts 콘서트 2018,2018-08-26,18:30,,종합운동장역,2호선,당산,하차,84.0,304.5,287.5,370.5,538.5,512.5,734.0,824.0,750.0,765.0,876.5,940.0,1042.0,1016.0,866.0,843.5,878.0,725.5,499.5,27.5
조용필 콘서트 2018,2018-05-12,19:30,,종합운동장역,2호선,당산,하차,166.5,468.5,378.5,709.5,935.5,786.0,948.0,1065.0,1147.0,1129.0,1222.0,1296.0,1507.0,1471.0,1155.5,1126.0,1119.5,1173.5,907.5,129.5
월드 디제이 페스티벌,2018-05-26,14:00,22:00,종합운동장역,2호선,당산,하차,171.0,495.0,436.0,940.5,1042.0,894.5,1063.5,1311.5,1345.0,1213.0,1316.0,1511.5,1647.5,1539.5,1226.0,1145.5,1249.0,1253.5,991.0,187.5
월드 디제이 페스티벌,2018-05-27,14:00,22:00,종합운동장역,2호선,당산,하차,99.5,346.0,284.0,454.5,623.0,662.5,821.0,909.5,894.5,893.5,919.0,1051.0,1046.0,1101.5,883.0,884.0,928.0,813.5,550.5,49.0
아이유 콘서트,2022-09-17,19:00,21:30,종합운동장역,2호선,합정,하차,66.0,263.0,346.5,558.0,925.5,1180.5,1496.0,2004.5,2107.5,2063.0,2078.0,2224.0,2614.0,2161.5,1558.5,1171.0,1012.0,868.0,663.0,124.5
아이유 콘서트,2022-09-18,19:00,21:30,종합운동장역,2호선,합정,하차,52.5,193.5,276.5,518.0,914.0,1282.5,1575.5,1914.5,2092.5,1890.5,1958.5,2106.5,2075.0,1847.0,1257.5,957.0,830.5,638.5,514.0,92.0
싸이 흠뻑쇼,2022-07-15,18:42,22:40,종합운동장역,2호선,합정,하차,99.0,536.5,1369.0,4082.5,3441.5,1687.5,1514.5,1574.5,1776.0,1661.5,1638.5,2056.5,3236.0,5334.0,3757.0,1573.5,1310.0,1159.0,929.0,450.0
싸이 흠뻑쇼,2022-07-16,18:42,22:40,종합운동장역,2호선,합정,하차,98.0,455.5,541.5,1029.5,1680.0,1897.5,2388.0,2700.5,3032.0,2602.5,2733.5,3096.5,3457.5,2821.5,1712.0,1207.0,1073.5,943.0,725.5,112.5
싸이 흠뻑쇼,2022-07-17,18:42,22:40,종합운동장역,2호선,합정,하차,58.0,254.0,363.5,706.0,1142.0,1504.5,1757.0,2002.0,2225.5,2031.0,1959.0,2040.0,2058.5,1768.5,1166.0,866.0,826.5,587.0,483.5,52.5
워터밤 2022,2022-06-24,12:00,22:00,종합운동장역,2호선,합정,하차,113.0,529.5,1431.5,4117.0,3414.0,1675.5,1480.0,1622.5,1687.5,1665.0,1570.5,2183.0,3167.0,5492.5,3963.0,1670.5,1327.5,1187.5,909.0,513.0
워터밤 2022,2022-06-25,12:00,22:00,종합운동장역,2호선,합정,하차,97.0,398.0,422.0,800.5,1286.0,1734.5,2513.0,2639.5,3151.5,2744.0,2961.5,3304.5,3444.5,2863.5,1932.5,1292.0,1180.5,1043.5,932.0,129.0
워터밤 2022,2022-06-26,12:00,22:00,종합운동장역,2호선,합정,하차,65.0,243.5,301.5,527.0,899.5,1330.5,1629.5,1927.0,2113.0,1815.5,1820.5,1961.5,2022.0,1574.5,1103.5,914.0,822.0,652.0,482.0,70.0
bts 콘서트 2019,2019-10-26,18:30,,종합운동장역,2호선,합정,하차,148.5,718.5,687.0,1107.5,1721.5,1857.0,2480.0,3050.5,3464.0,3309.5,3220.5,3387.5,3955.5,3410.0,2633.5,1764.0,1561.0,1298.0,971.5,126.0
bts 콘서트 2019,2019-10-27,18:30,,종합운동장역,2호선,합정,하차,70.0,357.0,438.0,757.0,1178.5,1774.0,1846.0,2280.0,2654.5,2384.5,2188.0,2275.0,2404.5,2013.0,1498.0,1057.5,967.0,799.0,569.0,89.5
bts 콘서트 2019,2019-10-29,18:30,,종합운동장역,2호선,합정,하차,161.0,860.5,1652.5,4925.5,3593.5,1815.0,1480.0,1486.0,1587.0,1609.0,1646.0,1848.0,2565.0,4280.5,3481.5,1646.5,1342.5,1161.0,798.0,309.5
bts 콘서트 2018,2018-08-25,18:30,,종합운동장역,2호선,합정,하차,153.0,655.0,609.5,849.0,1519.0,1540.0,1941.0,2579.5,2788.0,2966.0,2771.5,2819.5,3626.0,3151.5,2279.5,1679.5,1281.5,950.0,1100.5,190.5
bts 콘서트 2018,2018-08-26,18:30,,종합운동장역,2호선,합정,하차,70.0,373.0,436.0,635.0,988.0,1505.5,1479.5,1853.5,2329.5,1991.5,2104.0,2161.5,2201.5,1795.5,1319.0,1149.5,941.0,788.0,604.5,78.5
조용필 콘서트 2018,2018-05-12,19:30,,종합운동장역,2호선,합정,하차,145.5,562.5,645.5,852.0,1515.5,1679.0,2110.5,2654.5,3019.5,3009.0,2910.5,3049.5,3201.5,3295.0,2435.5,1801.0,1464.0,1309.0,1171.0,140.0
월드 디제이 페스티벌,2018-05-26,14:00,22:00,종합운동장역,2호선,합정,하차,169.5,618.5,659.5,927.5,1653.5,1688.5,2079.5,2684.5,3127.0,3128.0,3077.5,3322.0,3538.0,3438.0,2518.5,1905.0,1600.0,1365.5,1205.5,164.5
월드 디제이 페스티벌,2018-05-27,14:00,22:00,종합운동장역,2호선,합정,하차,93.0,344.0,449.5,627.5,1059.5,1485.5,1687.0,2077.5,2418.0,2225.0,2276.5,2278.0,2184.0,1956.5,1462.0,1207.5,1055.0,915.0,617.5,85.0
아이유 콘서트,2022-09-17,19:00,21:30,종합운동장역,2호선,홍대입구,하차,95.0,396.5,399.0,832.5,1677.5,2372.5,3517.5,5029.5,5458.5,5334.5,5558.0,5601.5,6213.5,5320.5,4238.5,3272.5,2743.0,2155.5,2009.5,424.5
아이유 콘서트,2022-09-18,19:00,21:30,종합운동장역,2호선,홍대입구,하차,78.5,267.0,293.0,599.5,1387.0,2167.0,3745.5,5000.0,5564.0,5337.5,5385.5,5485.5,5196.5,4606.5,3222.0,2400.5,2035.0,1675.0,1260.5,340.0
싸이 흠뻑쇼,2022-07-15,18:42,22:40,종합운동장역,2호선,홍대입구,하차,128.0,664.5,1568.5,4389.5,4560.5,2943.0,3274.5,3968.0,4220.5,3969.5,4265.0,4849.5,6607.5,9216.5,7200.0,3452.0,2848.0,2306.5,1910.5,914.5
싸이 흠뻑쇼,2022-07-16,18:42,22:40,종합운동장역,2호선,홍대입구,하차,127.5,534.0,593.5,1138.5,2648.0,3695.0,5949.0,7315.5,7675.0,7526.0,7386.5,7227.0,7378.5,6291.0,4222.5,3065.5,2501.0,2042.5,1724.0,414.0
싸이 흠뻑쇼,2022-07-17,18:42,22:40,종합운동장역,2호선,홍대입구,하차,84.5,293.5,379.0,727.5,1642.0,2722.5,4459.5,5403.5,5938.0,5672.5,5475.5,5027.5,4756.5,4169.5,2607.5,2046.0,1815.5,1364.0,960.5,231.0
워터밤 2022,2022-06-24,12:00,22:00,종합운동장역,2호선,홍대입구,하차,151.0,627.5,1579.0,4403.5,4488.0,3014.5,3003.5,3691.5,4159.0,4061.5,4346.5,5096.0,6575.5,10015.0,7247.0,3750.0,2893.0,2468.0,1993.5,995.0
워터밤 2022,2022-06-25,12:00,22:00,종합운동장역,2호선,홍대입구,하차,184.0,561.0,594.5,1211.0,2455.5,3376.5,5560.5,7064.5,7413.0,7574.0,7308.0,7544.5,7730.5,6420.5,4586.5,3360.0,2781.0,2438.0,2158.5,457.0
워터밤 2022,2022-06-26,12:00,22:00,종합운동장역,2호선,홍대입구,하차,105.5,354.5,354.0,654.5,1493.5,2292.0,3876.5,5115.5,5517.5,5231.5,5134.5,4998.0,4545.5,3910.0,2754.5,2047.5,1833.0,1385.0,1042.0,220.5
bts 콘서트 2019,2019-10-26,18:30,,종합운동장역,2호선,홍대입구,하차,173.5,723.5,786.0,1678.0,3396.0,4382.0,6100.0,8288.0,9511.0,9588.5,9571.5,10138.0,11028.0,10082.5,8254.0,6124.0,4926.0,3866.5,3086.0,748.5
bts 콘서트 2019,2019-10-27,18:30,,종합운동장역,2호선,홍대입구,하차,96.5,492.0,681.0,1087.5,2112.0,3307.0,4765.5,6370.0,7293.5,6932.5,6905.5,6775.0,7034.0,6230.0,4832.5,3441.0,3076.5,2256.5,1647.5,444.0
bts 콘서트 2019,2019-10-29,18:30,,종합운동장역,2호선,홍대입구,하차,169.0,819.0,1802.0,5344.5,6028.0,3607.0,3434.0,3751.5,4236.5,4127.5,3934.5,4811.5,6112.5,8980.5,7605.5,4050.0,3023.0,2559.5,1673.0,663.0
bts 콘서트 2018,2018-08-25,18:30,,종합운동장역,2호선,홍대입구,하차,197.0,681.0,801.0,1625.0,3296.0,4171.0,5820.5,7920.5,9597.5,9035.0,9489.5,9205.5,10121.5,9388.0,7445.5,5677.0,4649.5,3407.5,3272.0,1155.5
bts 콘서트 2018,2018-08-26,18:30,,종합운동장역,2호선,홍대입구,하차,104.5,407.0,488.0,971.5,2069.5,3124.0,4188.0,5775.5,6963.5,6713.0,7004.5,6935.0,6825.5,5942.0,4373.0,3307.0,2835.5,2325.5,1862.0,482.0
조용필 콘서트 2018,2018-05-12,19:30,,종합운동장역,2호선,홍대입구,하차,211.5,742.0,806.0,1404.5,2885.0,4181.0,6202.0,9148.5,10822.0,10596.5,10311.0,10783.5,10671.5,10606.5,8722.5,6615.5,5421.0,4543.0,3849.0,1069.5
월드 디제이 페스티벌,2018-05-26,14:00,22:00,종합운동장역,2호선,홍대입구,하차,206.5,810.0,831.5,1500.5,3181.5,4084.5,5819.5,8506.5,9996.0,10031.0,9915.0,10396.0,10842.0,10389.5,8395.0,6393.0,5501.5,4790.0,3509.5,1123.5
월드 디제이 페스티벌,2018-05-27,14:00,22:00,종합운동장역,2호선,홍대입구,하차,126.5,517.5,622.0,1669.0,2414.0,3035.5,4672.5,6648.5,7749.5,7630.5,7336.5,6809.0,6841.5,6164.0,4640.5,3512.5,3012.0,2598.0,1933.5,514.5
아이유 콘서트,2022-09-17,19:00,21:30,종합운동장역,2호선,충정로(경기대입구),하차,35.0,117.5,98.0,192.0,234.5,317.0,310.5,340.0,356.5,326.5,374.0,383.0,385.5,303.5,258.0,223.0,242.0,186.5,163.0,23.0
아이유 콘서트,2022-09-18,19:00,21:30,종합운동장역,2호선,충정로(경기대입구),하차,19.0,79.0,63.5,147.5,197.0,285.5,241.5,309.0,339.0,305.0,266.5,318.5,283.0,264.0,232.5,213.5,216.0,193.0,169.5,19.5
싸이 흠뻑쇼,2022-07-15,18:42,22:40,종합운동장역,2호선,충정로(경기대입구),하차,46.5,267.5,875.5,2615.5,1126.0,472.0,370.0,321.5,432.0,368.5,381.0,443.5,583.0,870.0,605.5,335.0,334.5,338.5,252.0,111.0
싸이 흠뻑쇼,2022-07-16,18:42,22:40,종합운동장역,2호선,충정로(경기대입구),하차,39.5,163.5,115.5,253.5,322.0,441.5,421.5,442.0,510.0,375.0,414.0,423.5,435.5,347.5,273.0,261.0,300.5,239.0,231.0,17.0
싸이 흠뻑쇼,2022-07-17,18:42,22:40,종합운동장역,2호선,충정로(경기대입구),하차,25.5,83.5,84.5,191.0,222.0,282.0,210.0,231.5,253.0,265.0,253.0,264.5,303.0,256.0,255.5,221.5,199.5,176.5,122.5,4.5
워터밤 2022,2022-06-24,12:00,22:00,종합운동장역,2호선,충정로(경기대입구),하차,44.0,271.0,1045.0,2655.5,1088.5,475.5,360.5,399.0,406.5,399.0,428.0,446.5,607.5,898.5,577.0,324.0,352.0,369.0,263.5,111.5
워터밤 2022,2022-06-25,12:00,22:00,종합운동장역,2호선,충정로(경기대입구),하차,41.5,190.5,129.0,278.5,301.0,474.0,482.0,516.0,534.0,459.5,596.0,582.0,455.5,358.5,321.0,259.0,300.0,289.0,244.0,10.5
워터밤 2022,2022-06-26,12:00,22:00,종합운동장역,2호선,충정로(경기대입구),하차,22.0,85.0,77.5,158.5,182.0,260.0,214.0,244.5,258.0,246.5,243.5,280.0,290.0,278.0,263.0,221.0,249.5,207.5,159.0,10.0
bts 콘서트 2019,2019-10-26,18:30,,종합운동장역,2호선,충정로(경기대입구),하차,31.0,183.0,162.5,457.5,471.0,610.0,521.0,668.5,689.5,704.5,747.0,817.5,699.0,604.5,428.5,393.5,412.0,380.0,339.5,26.0
bts 콘서트 2019,2019-10-27,18:30,,종합운동장역,2호선,충정로(경기대입구),하차,18.0,86.0,114.0,308.0,340.0,429.5,368.5,404.5,493.0,478.5,426.0,364.5,394.5,399.0,348.5,321.0,324.0,282.5,207.5,13.5
bts 콘서트 2019,2019-10-29,18:30,,종합운동장역,2호선,충정로(경기대입구),하차,38.0,255.5,853.5,3441.5,1675.5,640.0,500.0,424.0,572.0,489.5,498.0,556.5,664.0,1020.0,778.0,484.5,509.0,430.5,294.5,112.5
bts 콘서트 2018,2018-08-25,18:30,,종합운동장역,2호선,충정로(경기대입구),하차,39.0,222.0,190.0,437.5,445.5,531.5,562.0,604.5,550.0,498.0,525.5,566.0,580.0,498.5,426.5,393.5,347.5,322.0,364.0,35.5
bts 콘서트 2018,2018-08-26,18:30,,종합운동장역,2호선,충정로(경기대입구),하차,18.5,91.5,101.0,248.5,250.5,286.0,218.5,271.5,311.0,283.0,380.5,326.0,371.0,336.5,315.0,346.5,299.5,300.5,205.5,20.5
조용필 콘서트 2018,2018-05-12,19:30,,종합운동장역,2호선,충정로(경기대입구),하차,44.5,193.5,170.5,362.5,341.5,388.0,528.5,615.0,606.5,434.5,494.0,584.5,648.0,524.0,431.0,413.0,400.5,417.5,338.0,62.0
월드 디제이 페스티벌,2018-05-26,14:00,22:00,종합운동장역,2호선,충정로(경기대입구),하차,42.5,202.0,185.0,384.0,434.5,600.0,585.5,713.5,695.0,542.5,656.5,599.5,749.0,577.5,449.5,414.0,437.0,421.0,347.5,64.0
월드 디제이 페스티벌,2018-05-27,14:00,22:00,종합운동장역,2호선,충정로(경기대입구),하차,23.5,114.5,107.5,276.5,256.5,322.0,364.0,364.0,464.5,377.0,385.0,319.0,380.5,373.0,317.0,351.0,384.0,323.0,244.5,14.5
아이유 콘서트,2022-09-17,19:00,21:30,종합운동장역,2호선,시청,하차,24.5,251.0,226.0,315.5,486.5,576.5,646.0,754.0,935.0,1282.0,969.5,718.0,823.5,549.5,333.5,218.5,215.5,168.5,121.5,34.5
아이유 콘서트,2022-09-18,19:00,21:30,종합운동장역,2호선,시청,하차,21.5,139.5,193.0,266.5,376.0,470.5,521.0,547.5,681.0,574.5,514.0,404.0,385.0,291.0,161.5,151.0,174.5,137.0,115.5,25.0
싸이 흠뻑쇼,2022-07-15,18:42,22:40,종합운동장역,2호선,시청,하차,67.5,722.0,2720.5,9078.0,3595.5,1028.5,852.0,860.0,950.0,787.5,693.5,610.5,846.5,1057.5,479.0,223.5,222.5,171.5,143.5,97.5
싸이 흠뻑쇼,2022-07-16,18:42,22:40,종합운동장역,2호선,시청,하차,29.5,310.5,255.0,479.0,616.5,683.5,809.0,795.5,883.0,762.5,735.0,587.0,579.5,413.5,267.5,178.0,208.0,175.5,128.0,24.5
싸이 흠뻑쇼,2022-07-17,18:42,22:40,종합운동장역,2호선,시청,하차,20.0,129.5,190.5,318.0,347.5,423.0,522.5,574.0,568.0,513.5,462.0,352.0,365.0,260.5,155.5,148.0,152.5,106.0,86.5,16.5
워터밤 2022,2022-06-24,12:00,22:00,종합운동장역,2호선,시청,하차,69.0,750.5,2804.5,9349.0,3492.0,1063.5,948.5,848.5,872.5,803.5,693.5,678.0,861.0,936.5,485.0,187.5,219.5,182.5,165.0,99.0
워터밤 2022,2022-06-25,12:00,22:00,종합운동장역,2호선,시청,하차,37.0,351.0,313.0,548.0,630.0,752.5,995.0,1435.5,1456.5,1154.0,851.5,669.0,725.5,460.5,238.0,206.0,197.0,187.0,190.5,29.0
워터밤 2022,2022-06-26,12:00,22:00,종합운동장역,2호선,시청,하차,23.0,126.5,189.0,324.0,365.0,445.5,475.0,556.5,545.5,499.5,426.0,323.0,332.0,219.0,139.5,148.5,128.0,116.0,79.5,11.0
bts 콘서트 2019,2019-10-26,18:30,,종합운동장역,2호선,시청,하차,55.5,583.5,630.5,854.0,1068.5,1013.0,1556.0,1988.5,2188.0,2009.5,1492.5,1255.5,1079.0,736.5,443.5,288.0,336.5,279.0,219.0,35.5
bts 콘서트 2019,2019-10-27,18:30,,종합운동장역,2호선,시청,하차,21.5,196.0,273.5,579.5,602.0,777.0,744.5,858.5,916.0,916.0,743.0,643.5,533.0,392.0,304.5,250.0,236.0,215.5,144.0,21.0
bts 콘서트 2019,2019-10-29,18:30,,종합운동장역,2호선,시청,하차,77.5,676.0,3029.0,11262.5,4282.0,1460.0,1214.0,1078.5,1249.0,1047.0,970.0,834.5,922.0,1053.5,572.5,302.5,271.5,269.0,200.5,51.5
bts 콘서트 2018,2018-08-25,18:30,,종합운동장역,2호선,시청,하차,55.0,421.0,415.0,756.5,1021.5,815.5,871.5,1050.5,1087.5,1104.0,1000.5,841.0,785.0,639.5,386.0,333.0,295.5,269.0,248.0,53.5
bts 콘서트 2018,2018-08-26,18:30,,종합운동장역,2호선,시청,하차,26.0,174.0,242.5,403.5,552.0,628.5,542.0,669.5,776.5,668.0,579.5,475.0,455.5,330.5,247.5,202.5,224.5,207.5,139.5,28.0
조용필 콘서트 2018,2018-05-12,19:30,,종합운동장역,2호선,시청,하차,82.5,546.0,383.5,626.0,926.5,848.5,988.5,1046.0,1170.5,1161.5,981.5,847.5,867.5,644.5,412.5,312.0,327.0,344.5,224.5,56.0
월드 디제이 페스티벌,2018-05-26,14:00,22:00,종합운동장역,2호선,시청,하차,63.5,470.5,476.5,691.0,1061.0,838.0,982.5,1069.0,1191.0,1133.5,1076.5,848.5,928.5,632.0,397.5,301.0,341.0,323.0,222.5,71.5
월드 디제이 페스티벌,2018-05-27,14:00,22:00,종합운동장역,2호선,시청,하차,24.0,204.5,246.0,429.5,549.5,597.5,700.0,906.0,1019.0,778.5,588.5,454.5,411.5,339.0,242.0,246.5,209.0,198.5,134.0,17.0
아이유 콘서트,2022-09-17,19:00,21:30,종합운동장역,2호선,을지로3가,하차,34.5,207.0,281.5,352.0,368.5,400.0,485.5,634.0,649.5,728.0,755.5,851.0,1061.5,879.5,663.5,469.5,439.0,332.5,203.0,24.5
아이유 콘서트,2022-09-18,19:00,21:30,종합운동장역,2호선,을지로3가,하차,35.0,304.0,210.5,554.5,612.0,672.5,779.0,661.5,855.5,744.0,628.0,696.0,798.5,670.5,474.5,366.5,281.0,245.0,145.0,18.5
싸이 흠뻑쇼,2022-07-15,18:42,22:40,종합운동장역,2호선,을지로3가,하차,60.0,811.5,3011.5,7516.0,2857.0,1179.5,931.0,828.5,845.0,780.5,706.5,870.0,1230.0,1950.0,1083.5,494.0,389.5,318.0,227.5,120.5
싸이 흠뻑쇼,2022-07-16,18:42,22:40,종합운동장역,2호선,을지로3가,하차,35.0,320.0,393.5,516.5,535.5,547.0,690.0,802.0,876.5,909.5,945.5,1109.0,1224.5,1035.0,609.0,469.0,426.0,300.0,213.5,9.0
싸이 흠뻑쇼,2022-07-17,18:42,22:40,종합운동장역,2호선,을지로3가,하차,39.0,306.5,223.5,555.5,603.0,645.0,736.0,702.5,743.0,709.5,598.0,704.5,591.5,496.5,388.5,296.5,250.0,157.5,108.5,7.5
워터밤 2022,2022-06-24,12:00,22:00,종합운동장역,2호선,을지로3가,하차,80.0,839.5,3013.5,7536.0,2780.5,1223.0,1010.5,811.5,893.0,824.0,802.5,951.5,1304.0,1913.0,1192.0,533.0,405.5,344.5,234.5,119.0
워터밤 2022,2022-06-25,12:00,22:00,종합운동장역,2호선,을지로3가,하차,64.0,359.5,355.5,531.0,586.0,579.0,717.0,897.0,1025.0,984.5,1088.0,1263.5,1497.0,1191.0,774.5,514.5,490.0,361.0,307.0,2.5
워터밤 2022,2022-06-26,12:00,22:00,종합운동장역,2호선,을지로3가,하차,40.0,316.0,245.5,534.0,591.5,706.0,781.5,736.0,761.0,730.0,642.0,670.0,679.5,552.5,350.5,315.0,258.5,192.0,133.0,1.0
bts 콘서트 2019,2019-10-26,18:30,,종합운동장역,2호선,을지로3가,하차,52.0,438.0,505.0,828.5,865.5,849.5,1042.5,1178.5,1281.0,1303.5,1207.5,1287.0,1645.0,1434.0,1044.0,663.5,569.5,466.0,317.0,20.5
bts 콘서트 2019,2019-10-27,18:30,,종합운동장역,2호선,을지로3가,하차,36.0,396.0,320.5,747.0,916.0,1112.5,1205.5,947.0,1108.0,926.5,737.0,844.0,829.0,749.0,472.0,452.5,345.5,267.0,222.0,5.5
bts 콘서트 2019,2019-10-29,18:30,,종합운동장역,2호선,을지로3가,하차,86.0,717.5,2953.5,7717.0,3706.5,1598.5,1135.0,919.0,1142.0,962.0,882.0,916.0,1100.0,1446.5,831.0,393.0,368.0,296.5,172.5,85.0
bts 콘서트 2018,2018-08-25,18:30,,종합운동장역,2호선,을지로3가,하차,84.5,308.5,510.5,835.0,821.0,743.5,846.5,858.0,959.0,915.0,796.0,874.5,925.5,746.0,597.5,413.5,336.0,322.0,298.5,46.5
bts 콘서트 2018,2018-08-26,18:30,,종합운동장역,2호선,을지로3가,하차,40.5,367.5,341.0,623.0,844.5,885.0,946.0,746.0,843.5,788.5,597.5,523.5,507.5,425.5,330.5,305.5,297.5,277.0,202.5,7.5
조용필 콘서트 2018,2018-05-12,19:30,,종합운동장역,2호선,을지로3가,하차,59.5,307.0,423.0,693.0,720.0,675.0,788.0,840.5,905.0,907.0,837.5,848.0,842.5,732.0,572.0,413.5,414.5,400.0,297.5,73.5
월드 디제이 페스티벌,2018-05-26,14:00,22:00,종합운동장역,2호선,을지로3가,하차,54.0,327.0,540.5,838.5,920.5,814.0,850.5,971.5,983.5,1024.5,903.0,933.0,878.5,775.0,556.5,419.0,415.0,393.5,299.0,82.5
월드 디제이 페스티벌,2018-05-27,14:00,22:00,종합운동장역,2호선,을지로3가,하차,49.0,352.5,378.5,638.5,869.0,887.5,1050.5,765.0,889.0,769.0,590.0,514.5,484.0,378.5,335.0,307.5,301.5,288.0,212.0,4.0
아이유 콘서트,2022-09-17,19:00,21:30,종합운동장역,2호선,을지로4가,하차,24.0,212.5,213.5,333.5,294.5,415.0,488.0,513.5,476.5,539.0,468.5,429.0,428.5,397.0,251.0,204.0,207.0,180.5,152.5,18.5
아이유 콘서트,2022-09-18,19:00,21:30,종합운동장역,2호선,을지로4가,하차,17.0,78.5,78.5,129.5,173.0,241.5,304.5,372.5,437.5,345.5,336.0,342.0,311.0,227.5,179.5,146.5,161.5,122.5,109.0,19.5
싸이 흠뻑쇼,2022-07-15,18:42,22:40,종합운동장역,2호선,을지로4가,하차,66.5,598.5,1495.5,3285.5,1618.0,802.0,827.5,675.5,699.0,566.5,571.0,499.5,566.0,682.0,419.5,180.0,184.0,172.0,151.0,83.0
싸이 흠뻑쇼,2022-07-16,18:42,22:40,종합운동장역,2호선,을지로4가,하차,48.5,341.0,385.5,587.5,544.0,560.5,694.5,656.0,645.5,616.0,546.0,522.0,519.5,401.5,250.0,179.5,189.5,147.5,123.0,7.0
싸이 흠뻑쇼,2022-07-17,18:42,22:40,종합운동장역,2호선,을지로4가,하차,19.5,91.0,96.5,139.5,182.5,273.0,281.5,358.0,378.0,346.0,292.0,269.5,275.0,194.0,154.5,169.5,177.5,127.0,91.5,0.5
워터밤 2022,2022-06-24,12:00,22:00,종합운동장역,2호선,을지로4가,하차,55.5,599.0,1557.0,3264.5,1538.0,842.0,861.0,688.5,692.5,678.5,623.0,650.5,658.5,757.5,449.5,204.0,171.0,202.5,124.5,79.5
워터밤 2022,2022-06-25,12:00,22:00,종합운동장역,2호선,을지로4가,하차,39.5,349.5,367.0,605.0,556.0,595.5,752.5,778.0,779.0,718.5,674.5,626.5,683.0,466.0,258.5,202.5,204.5,176.5,132.5,4.0
워터밤 2022,2022-06-26,12:00,22:00,종합운동장역,2호선,을지로4가,하차,17.0,82.0,94.5,158.5,173.5,264.0,354.5,384.5,367.0,339.0,313.0,280.5,270.5,208.5,140.0,124.0,129.5,114.5,84.5,1.5
bts 콘서트 2019,2019-10-26,18:30,,종합운동장역,2호선,을지로4가,하차,37.0,277.0,462.5,870.0,833.5,873.0,1001.0,1135.5,1036.5,1040.0,954.0,826.0,729.5,570.0,401.5,266.5,231.5,252.5,205.0,9.5
bts 콘서트 2019,2019-10-27,18:30,,종합운동장역,2호선,을지로4가,하차,20.0,114.0,123.5,206.0,262.0,374.0,419.0,566.5,539.5,540.0,455.5,434.0,408.0,281.5,219.5,202.0,211.0,189.0,144.5,4.0
bts 콘서트 2019,2019-10-29,18:30,,종합운동장역,2호선,을지로4가,하차,57.0,443.0,1349.5,3727.5,1884.5,1144.5,1031.0,954.5,840.5,892.5,805.0,685.0,633.0,551.5,334.5,223.5,177.0,197.5,110.5,62.5
bts 콘서트 2018,2018-08-25,18:30,,종합운동장역,2호선,을지로4가,하차,48.0,477.5,499.0,957.5,853.0,781.0,840.0,941.5,859.5,764.5,728.0,642.5,578.5,382.0,306.0,196.0,204.0,198.5,191.5,24.5
bts 콘서트 2018,2018-08-26,18:30,,종합운동장역,2호선,을지로4가,하차,14.0,106.5,118.5,177.0,229.0,271.0,337.5,393.5,352.5,358.5,379.5,290.0,277.0,236.0,218.0,154.0,169.5,162.0,161.0,5.5
조용필 콘서트 2018,2018-05-12,19:30,,종합운동장역,2호선,을지로4가,하차,42.5,434.5,449.0,802.0,747.5,805.5,898.0,1037.5,969.5,804.0,806.0,714.5,616.0,460.5,294.0,254.5,235.0,218.0,180.5,26.0
월드 디제이 페스티벌,2018-05-26,14:00,22:00,종합운동장역,2호선,을지로4가,하차,43.0,452.5,511.0,963.5,918.0,793.5,919.0,1047.0,1027.0,839.5,806.0,689.5,667.0,448.0,338.5,248.5,212.0,213.0,183.0,43.5
월드 디제이 페스티벌,2018-05-27,14:00,22:00,종합운동장역,2호선,을지로4가,하차,18.5,97.0,125.0,172.5,234.5,305.0,405.0,482.5,455.0,390.0,351.0,316.5,348.0,232.0,190.5,176.0,152.5,169.5,135.0,0.0
아이유 콘서트,2022-09-17,19:00,21:30,종합운동장역,2호선,동대문역사문화공원,하차,42.0,143.0,190.0,355.5,405.5,615.0,836.0,792.0,911.5,863.5,909.5,841.5,882.0,750.5,516.5,520.5,437.5,362.5,306.5,45.5
아이유 콘서트,2022-09-18,19:00,21:30,종합운동장역,2호선,동대문역사문화공원,하차,34.5,167.5,752.0,356.0,439.5,736.0,935.5,954.0,1055.5,981.5,892.5,835.0,837.0,677.0,601.0,494.0,418.0,342.5,238.0,37.5
싸이 흠뻑쇼,2022-07-15,18:42,22:40,종합운동장역,2호선,동대문역사문화공원,하차,52.5,342.5,909.0,2021.5,1340.0,998.5,917.5,914.5,992.5,930.5,899.5,815.0,922.5,1090.5,734.5,456.0,445.0,403.5,329.0,262.0
싸이 흠뻑쇼,2022-07-16,18:42,22:40,종합운동장역,2호선,동대문역사문화공원,하차,40.0,184.0,336.0,687.0,699.5,857.0,1047.0,1155.5,1196.5,1204.5,1134.5,965.5,958.5,734.0,518.0,405.0,428.5,356.5,296.0,17.5
싸이 흠뻑쇼,2022-07-17,18:42,22:40,종합운동장역,2호선,동대문역사문화공원,하차,33.5,115.5,242.0,409.5,500.5,697.5,873.5,952.5,931.0,902.5,866.5,715.0,686.5,591.0,653.5,537.0,423.5,328.0,242.0,2.0
워터밤 2022,2022-06-24,12:00,22:00,종합운동장역,2호선,동대문역사문화공원,하차,50.0,349.0,986.5,2331.0,1423.5,1014.5,977.5,927.5,904.5,1007.5,899.0,809.0,948.0,1465.5,859.0,466.5,454.5,426.5,299.0,213.0
워터밤 2022,2022-06-25,12:00,22:00,종합운동장역,2호선,동대문역사문화공원,하차,48.5,186.0,299.5,559.0,700.5,925.0,1129.0,1197.5,1359.5,1439.5,1202.5,1020.0,939.5,717.5,500.5,412.0,478.0,385.5,365.5,12.0
워터밤 2022,2022-06-26,12:00,22:00,종합운동장역,2호선,동대문역사문화공원,하차,38.0,129.0,194.5,514.5,596.0,775.0,866.5,1020.0,996.0,1010.5,853.5,735.0,614.0,573.5,649.5,523.5,408.0,344.5,241.0,6.5
bts 콘서트 2019,2019-10-26,18:30,,종합운동장역,2호선,동대문역사문화공원,하차,59.0,298.0,527.0,1192.5,1297.5,1445.0,1690.5,1963.5,2170.5,2235.5,2214.5,1982.5,1760.5,1623.5,1248.0,1087.5,959.0,721.5,587.0,19.5
bts 콘서트 2019,2019-10-27,18:30,,종합운동장역,2호선,동대문역사문화공원,하차,30.5,183.0,320.5,931.0,893.5,1172.5,1415.5,1618.0,1616.0,1544.0,1382.5,1324.5,1358.5,1309.0,1587.5,1334.0,1009.5,769.0,514.5,13.5
bts 콘서트 2019,2019-10-29,18:30,,종합운동장역,2호선,동대문역사문화공원,하차,53.5,411.0,1242.0,2960.5,1895.5,1285.0,1150.5,1114.5,1282.0,1154.5,1071.0,1120.5,1290.5,1642.0,1908.5,1230.5,850.0,742.5,447.5,198.0
bts 콘서트 2018,2018-08-25,18:30,,종합운동장역,2호선,동대문역사문화공원,하차,38.5,306.5,559.0,1386.5,1238.5,1433.5,1537.0,1678.5,1931.0,1819.5,1544.5,1510.5,1487.0,1318.0,1150.5,945.0,876.5,719.0,617.0,173.0
bts 콘서트 2018,2018-08-26,18:30,,종합운동장역,2호선,동대문역사문화공원,하차,35.0,207.0,290.5,625.5,940.5,1074.0,1203.5,1496.0,1511.0,1310.0,1223.0,1167.5,1173.5,1081.5,1419.0,1126.5,931.5,645.0,509.0,21.0
조용필 콘서트 2018,2018-05-12,19:30,,종합운동장역,2호선,동대문역사문화공원,하차,67.5,349.5,447.0,910.5,1173.5,1388.5,1549.0,1887.0,2111.5,2095.0,1905.0,1883.0,1858.5,1670.0,1415.5,1188.0,989.5,863.0,662.0,210.5
월드 디제이 페스티벌,2018-05-26,14:00,22:00,종합운동장역,2호선,동대문역사문화공원,하차,56.5,360.0,489.5,1086.5,1523.5,1590.5,1703.5,1851.5,2131.5,2239.5,1952.5,1826.5,1761.0,1527.0,1327.5,1091.0,1030.0,744.0,608.0,260.5
월드 디제이 페스티벌,2018-05-27,14:00,22:00,종합운동장역,2호선,동대문역사문화공원,하차,36.0,196.0,321.0,666.5,1125.5,1250.5,1362.0,1551.5,1746.0,1629.5,1378.5,1281.0,1305.5,1130.0,1383.0,1240.5,969.0,674.0,518.0,7.5
아이유 콘서트,2022-09-17,19:00,21:30,종합운동장역,2호선,신당,하차,32.0,180.5,247.0,370.5,389.0,418.5,540.5,617.5,604.0,687.0,711.5,780.0,926.0,731.0,517.5,504.5,468.5,435.0,322.5,34.0
아이유 콘서트,2022-09-18,19:00,21:30,종합운동장역,2호선,신당,하차,29.0,110.5,164.5,232.0,334.5,482.5,569.0,634.0,754.0,620.5,713.0,732.5,829.5,748.0,518.0,487.5,402.5,417.0,262.5,29.0
싸이 흠뻑쇼,2022-07-15,18:42,22:40,종합운동장역,2호선,신당,하차,44.5,319.0,666.5,1298.5,904.0,624.5,611.0,617.5,725.0,676.0,802.0,975.5,1287.5,2038.5,1251.0,698.0,609.5,663.0,413.0,212.0
싸이 흠뻑쇼,2022-07-16,18:42,22:40,종합운동장역,2호선,신당,하차,42.5,251.5,350.5,657.0,598.5,543.5,705.5,840.5,780.5,772.5,786.5,947.5,1005.0,844.0,592.0,543.5,530.0,531.0,412.5,10.5
싸이 흠뻑쇼,2022-07-17,18:42,22:40,종합운동장역,2호선,신당,하차,22.5,143.0,204.5,303.5,399.5,566.5,591.0,651.5,602.0,596.5,630.0,608.5,681.5,640.5,552.5,452.0,418.0,366.0,233.0,4.0
워터밤 2022,2022-06-24,12:00,22:00,종합운동장역,2호선,신당,하차,54.5,316.5,748.5,1308.0,840.5,650.0,662.0,691.0,766.0,726.5,835.0,1052.0,1407.0,2026.5,1246.0,718.5,657.5,633.5,455.5,253.5
워터밤 2022,2022-06-25,12:00,22:00,종합운동장역,2호선,신당,하차,33.0,261.5,386.0,616.0,619.5,593.5,774.0,860.0,852.0,773.5,847.0,1063.0,1196.5,936.0,601.5,536.5,612.5,513.0,409.5,10.5
워터밤 2022,2022-06-26,12:00,22:00,종합운동장역,2호선,신당,하차,33.0,148.0,179.0,291.0,412.0,611.0,567.0,700.0,669.5,620.5,629.0,696.0,706.0,633.0,546.0,471.0,466.0,389.5,267.5,2.0
bts 콘서트 2019,2019-10-26,18:30,,종합운동장역,2호선,신당,하차,55.0,242.5,382.0,741.5,650.5,691.5,783.0,976.0,977.5,928.0,1032.5,1068.5,1247.5,1134.5,833.5,771.0,671.0,624.0,492.5,19.0
bts 콘서트 2019,2019-10-27,18:30,,종합운동장역,2호선,신당,하차,42.0,173.5,201.0,361.5,521.0,663.5,753.5,788.0,858.5,813.0,773.5,810.5,786.5,801.5,704.0,665.0,555.5,468.5,344.5,7.0
bts 콘서트 2019,2019-10-29,18:30,,종합운동장역,2호선,신당,하차,53.0,280.0,753.5,1817.0,1108.5,736.0,695.5,797.5,824.0,810.0,880.0,1058.0,1214.0,1903.0,1469.0,829.0,791.0,778.0,455.0,203.5
bts 콘서트 2018,2018-08-25,18:30,,종합운동장역,2호선,신당,하차,62.0,331.5,509.0,919.0,692.0,650.5,732.5,878.0,873.5,965.5,868.5,973.0,1188.0,1169.0,761.5,686.0,598.0,578.5,553.0,53.0
bts 콘서트 2018,2018-08-26,18:30,,종합운동장역,2호선,신당,하차,36.5,208.5,208.0,402.5,532.5,674.5,723.0,730.0,835.0,699.5,727.0,803.5,774.5,712.0,644.0,557.0,608.5,464.0,325.0,10.0
조용필 콘서트 2018,2018-05-12,19:30,,종합운동장역,2호선,신당,하차,70.0,341.0,437.5,827.0,693.0,652.0,776.5,860.0,933.5,915.0,975.5,1069.0,1323.0,1100.0,855.5,703.0,731.5,623.0,576.0,55.5
월드 디제이 페스티벌,2018-05-26,14:00,22:00,종합운동장역,2호선,신당,하차,62.0,349.5,477.5,879.5,757.5,681.0,818.0,876.0,884.5,983.0,1032.0,1139.5,1373.0,1179.0,825.0,716.0,734.5,635.0,601.5,85.0
월드 디제이 페스티벌,2018-05-27,14:00,22:00,종합운동장역,2호선,신당,하차,50.5,250.5,240.5,379.0,548.5,674.5,752.0,757.0,818.0,770.5,816.5,731.0,831.0,814.5,679.0,592.0,640.5,592.0,407.5,16.5
아이유 콘서트,2022-09-17,19:00,21:30,종합운동장역,2호선,왕십리(성동구청),하차,28.0,159.5,147.0,329.0,325.5,360.0,402.0,523.5,594.0,611.5,585.5,703.5,835.5,902.0,662.5,518.0,572.0,500.5,420.5,46.0
아이유 콘서트,2022-09-18,19:00,21:30,종합운동장역,2호선,왕십리(성동구청),하차,20.5,114.5,122.0,210.0,227.5,291.0,388.5,506.0,529.5,516.5,563.0,677.5,793.5,818.5,605.5,514.0,478.0,476.5,395.0,60.5
싸이 흠뻑쇼,2022-07-15,18:42,22:40,종합운동장역,2호선,왕십리(성동구청),하차,50.0,226.0,513.0,1090.0,708.5,497.5,519.5,604.0,632.5,669.0,745.5,856.5,1305.0,2498.5,1454.0,779.0,639.5,666.0,527.0,294.0
싸이 흠뻑쇼,2022-07-16,18:42,22:40,종합운동장역,2호선,왕십리(성동구청),하차,40.0,160.5,169.0,438.5,481.0,515.0,632.5,789.0,787.5,771.5,816.5,966.0,1190.5,1150.5,776.0,640.0,613.5,596.5,508.5,6.5
싸이 흠뻑쇼,2022-07-17,18:42,22:40,종합운동장역,2호선,왕십리(성동구청),하차,25.5,118.5,119.0,230.0,297.5,334.5,470.5,501.5,595.5,545.5,644.5,692.5,799.0,771.5,586.5,510.5,500.5,453.0,339.0,16.5
워터밤 2022,2022-06-24,12:00,22:00,종합운동장역,2호선,왕십리(성동구청),하차,44.5,238.0,575.0,1148.0,662.5,545.5,534.5,581.0,632.5,649.0,755.5,931.0,1422.0,2568.5,1551.5,847.5,672.5,740.0,574.0,323.0
워터밤 2022,2022-06-25,12:00,22:00,종합운동장역,2호선,왕십리(성동구청),하차,39.0,198.0,209.0,499.5,460.5,535.0,693.5,841.0,849.0,855.5,897.5,1027.0,1151.5,1188.0,776.0,655.5,643.0,629.5,567.0,17.0
워터밤 2022,2022-06-26,12:00,22:00,종합운동장역,2호선,왕십리(성동구청),하차,24.0,142.5,205.5,226.5,343.5,400.0,497.5,558.5,653.0,589.5,634.5,737.0,772.5,827.0,573.0,550.0,504.5,495.5,335.0,6.5
bts 콘서트 2019,2019-10-26,18:30,,종합운동장역,2호선,왕십리(성동구청),하차,46.0,238.0,244.5,625.5,667.5,664.5,842.5,909.5,1070.5,1029.0,1069.5,1287.0,1546.5,1667.5,1158.5,985.5,888.5,824.5,744.0,42.5
bts 콘서트 2019,2019-10-27,18:30,,종합운동장역,2호선,왕십리(성동구청),하차,34.0,150.5,176.5,260.5,437.5,497.0,609.5,782.0,801.0,738.0,821.5,888.0,1067.0,1124.5,832.0,750.5,676.5,628.5,459.0,17.0
bts 콘서트 2019,2019-10-29,18:30,,종합운동장역,2호선,왕십리(성동구청),하차,39.5,231.0,610.5,1413.0,925.0,636.5,563.5,574.0,705.5,654.5,774.0,951.5,1312.0,2520.0,1604.0,975.0,811.5,832.0,543.5,259.0
bts 콘서트 2018,2018-08-25,18:30,,종합운동장역,2호선,왕십리(성동구청),하차,45.0,213.0,224.0,552.0,663.5,628.0,755.5,889.0,935.5,955.5,932.0,1116.5,1408.5,1626.5,1444.0,1180.5,832.0,706.5,855.0,112.0
bts 콘서트 2018,2018-08-26,18:30,,종합운동장역,2호선,왕십리(성동구청),하차,43.0,190.0,206.5,310.5,400.5,446.0,562.0,661.5,708.0,709.0,748.5,821.0,959.0,1017.5,834.5,792.0,715.0,627.5,481.0,33.0
조용필 콘서트 2018,2018-05-12,19:30,,종합운동장역,2호선,왕십리(성동구청),하차,67.5,294.0,233.5,552.5,605.0,655.5,861.5,950.0,958.5,923.5,975.5,1049.0,1329.5,1485.0,1192.5,997.0,945.5,941.5,871.5,133.5
월드 디제이 페스티벌,2018-05-26,14:00,22:00,종합운동장역,2호선,왕십리(성동구청),하차,71.0,277.0,239.0,642.0,714.5,705.0,867.0,990.0,1054.5,988.0,1010.5,1132.0,1375.5,1494.5,1199.0,1021.5,943.5,963.0,899.5,167.5
월드 디제이 페스티벌,2018-05-27,14:00,22:00,종합운동장역,2호선,왕십리(성동구청),하차,46.5,203.5,193.5,317.0,486.0,538.5,619.5,772.0,831.5,656.0,827.5,855.5,1041.0,1018.0,835.0,805.0,738.5,786.0,532.0,85.0
아이유 콘서트,2022-09-17,19:00,21:30,종합운동장역,2호선,성수,하차,48.0,369.0,392.5,736.0,712.0,914.0,1356.0,1556.5,1813.0,1767.0,1751.5,1867.5,1612.5,1411.0,847.0,556.0,481.0,457.5,361.5,237.0
아이유 콘서트,2022-09-18,19:00,21:30,종합운동장역,2호선,성수,하차,30.0,258.5,239.0,438.5,509.5,929.0,1251.0,1552.5,1818.0,1718.5,1766.0,1602.5,1516.0,1132.0,672.0,413.0,376.0,326.0,366.0,104.0
싸이 흠뻑쇼,2022-07-15,18:42,22:40,종합운동장역,2호선,성수,하차,155.0,1260.5,3359.5,11755.5,6345.5,2275.5,1675.0,1710.5,1786.5,1666.0,1657.5,1824.0,2211.5,3078.0,1831.5,770.0,546.5,548.5,327.0,370.5
싸이 흠뻑쇼,2022-07-16,18:42,22:40,종합운동장역,2호선,성수,하차,78.5,536.0,598.0,1104.0,1107.5,1312.0,1815.0,2217.5,2488.0,2447.0,2358.0,2392.0,2311.0,1661.5,938.0,555.5,475.5,433.5,506.0,225.0
싸이 흠뻑쇼,2022-07-17,18:42,22:40,종합운동장역,2호선,성수,하차,29.0,322.0,310.0,433.5,551.0,993.5,1230.5,1601.0,1820.5,1768.0,1638.5,1584.5,1431.5,1098.0,672.5,461.0,402.5,371.5,347.5,91.5
워터밤 2022,2022-06-24,12:00,22:00,종합운동장역,2호선,성수,하차,173.0,1240.5,3399.0,12080.5,6465.0,2356.5,1780.0,1709.0,1857.5,1731.5,1696.5,1920.0,2397.5,3335.5,1957.5,785.0,598.5,520.0,390.0,378.0
워터밤 2022,2022-06-25,12:00,22:00,종합운동장역,2호선,성수,하차,76.0,615.0,618.0,1184.0,1136.0,1308.0,1910.5,2318.0,2599.0,2495.5,2409.5,2367.0,2412.0,1707.0,990.0,582.0,546.0,434.0,582.5,239.5
워터밤 2022,2022-06-26,12:00,22:00,종합운동장역,2호선,성수,하차,34.5,341.0,331.0,474.5,588.5,1002.5,1357.0,1661.0,1812.0,1725.5,1610.0,1517.0,1423.5,1057.0,654.0,449.5,411.5,388.0,390.5,82.0
bts 콘서트 2019,2019-10-26,18:30,,종합운동장역,2호선,성수,하차,88.5,644.5,660.0,1429.5,1040.0,1055.0,1183.0,1377.0,1588.5,1567.0,1578.0,1452.0,1570.0,1408.0,892.5,642.5,615.5,502.0,603.5,328.0
bts 콘서트 2019,2019-10-27,18:30,,종합운동장역,2호선,성수,하차,43.0,313.5,323.5,528.0,607.0,757.0,819.0,957.0,1140.5,1113.5,1060.0,960.5,983.5,886.5,585.0,505.0,467.0,416.5,470.0,119.0
bts 콘서트 2019,2019-10-29,18:30,,종합운동장역,2호선,성수,하차,196.5,1224.0,2932.5,12802.5,4929.0,1851.0,1340.0,1194.5,1330.0,1174.5,1317.5,1344.0,1511.0,2035.5,1445.5,783.5,692.0,659.5,378.0,292.0
bts 콘서트 2018,2018-08-25,18:30,,종합운동장역,2호선,성수,하차,88.0,609.5,882.5,1576.5,908.0,893.0,927.0,1050.0,1181.0,1212.5,1166.5,1170.5,1254.5,1081.0,828.5,656.5,530.0,463.5,754.0,427.0
bts 콘서트 2018,2018-08-26,18:30,,종합운동장역,2호선,성수,하차,41.0,302.0,339.0,577.5,512.5,647.5,583.0,746.0,804.5,899.0,873.0,832.0,863.0,818.5,586.5,513.5,444.0,401.5,375.0,205.5
조용필 콘서트 2018,2018-05-12,19:30,,종합운동장역,2호선,성수,하차,81.5,673.5,651.0,1302.5,935.0,723.5,955.0,1030.0,1170.5,1232.5,1215.5,1186.0,1304.5,1140.0,909.5,675.0,602.5,593.5,533.5,479.5
월드 디제이 페스티벌,2018-05-26,14:00,22:00,종합운동장역,2호선,성수,하차,91.5,767.5,784.0,1736.5,1083.5,832.5,1076.0,1222.0,1362.5,1326.0,1326.0,1316.5,1431.0,1302.0,981.0,730.5,618.0,593.5,630.0,389.0
월드 디제이 페스티벌,2018-05-27,14:00,22:00,종합운동장역,2호선,성수,하차,46.5,321.5,342.5,472.0,537.0,681.0,704.0,830.5,906.0,897.5,969.0,936.5,946.0,867.0,627.5,552.0,522.0,469.5,488.0,192.0
아이유 콘서트,2022-09-17,19:00,21:30,종합운동장역,2호선,신설동,하차,5.5,39.0,66.5,99.5,140.5,267.5,239.5,273.5,235.0,226.0,204.0,151.5,140.5,113.5,87.5,84.0,89.5,63.5,102.5,14.0
아이유 콘서트,2022-09-18,19:00,21:30,종합운동장역,2호선,신설동,하차,5.5,30.5,60.5,94.0,187.0,344.5,358.5,338.0,328.0,259.0,225.0,160.0,103.5,104.0,82.0,72.5,75.5,65.0,61.0,15.0
싸이 흠뻑쇼,2022-07-15,18:42,22:40,종합운동장역,2호선,신설동,하차,8.5,55.5,183.0,568.5,305.5,186.5,207.0,258.0,308.0,237.5,187.0,190.5,234.0,306.0,204.0,125.0,121.5,106.0,84.5,52.0
싸이 흠뻑쇼,2022-07-16,18:42,22:40,종합운동장역,2호선,신설동,하차,16.0,51.0,96.0,151.0,191.5,284.5,310.5,388.5,446.5,301.0,269.5,215.0,200.5,145.0,116.5,83.5,88.0,90.0,71.5,14.0
싸이 흠뻑쇼,2022-07-17,18:42,22:40,종합운동장역,2호선,신설동,하차,6.0,36.5,63.5,112.0,238.0,430.5,328.0,304.0,309.5,244.0,184.0,154.5,121.5,109.0,76.0,63.5,110.0,57.0,56.0,6.0
워터밤 2022,2022-06-24,12:00,22:00,종합운동장역,2호선,신설동,하차,11.5,65.0,218.0,584.0,331.5,248.5,213.5,223.5,261.0,229.0,209.5,186.0,246.5,286.5,214.5,122.5,118.0,107.5,76.5,66.0
워터밤 2022,2022-06-25,12:00,22:00,종합운동장역,2호선,신설동,하차,13.0,55.0,107.0,154.5,211.5,341.5,369.5,356.0,393.0,285.5,234.0,218.5,196.0,135.5,111.0,87.0,83.0,100.0,93.0,25.0
워터밤 2022,2022-06-26,12:00,22:00,종합운동장역,2호선,신설동,하차,12.5,48.0,73.5,125.0,246.5,435.5,377.0,343.5,315.5,257.5,218.5,153.0,123.0,100.5,80.0,102.0,74.5,83.5,57.0,9.5
bts 콘서트 2019,2019-10-26,18:30,,종합운동장역,2호선,신설동,하차,14.0,58.0,111.5,188.5,299.5,412.0,456.0,446.0,395.5,371.5,317.0,247.5,227.0,188.0,131.0,96.5,119.0,115.0,85.5,8.5
bts 콘서트 2019,2019-10-27,18:30,,종합운동장역,2호선,신설동,하차,13.5,42.0,73.5,133.5,306.5,427.5,442.5,410.0,462.5,388.0,306.0,216.5,171.0,107.5,123.5,109.0,89.5,88.5,76.0,9.0
bts 콘서트 2019,2019-10-29,18:30,,종합운동장역,2호선,신설동,하차,26.0,73.5,253.0,665.5,410.5,263.0,228.0,234.0,238.5,228.0,189.5,176.5,221.5,275.0,190.5,111.0,105.0,90.0,72.0,35.5
bts 콘서트 2018,2018-08-25,18:30,,종합운동장역,2호선,신설동,하차,14.5,65.0,99.0,199.5,251.5,312.5,428.0,503.0,561.0,386.0,315.0,318.0,280.0,216.0,139.5,103.5,93.5,87.0,105.0,14.5
bts 콘서트 2018,2018-08-26,18:30,,종합운동장역,2호선,신설동,하차,11.0,46.5,67.5,134.0,301.0,432.5,414.5,427.0,387.0,377.5,307.5,223.5,163.5,123.5,83.5,95.0,88.5,94.0,72.0,7.5
조용필 콘서트 2018,2018-05-12,19:30,,종합운동장역,2호선,신설동,하차,16.5,69.0,107.5,235.0,332.5,390.0,443.0,435.0,446.5,378.0,323.5,285.0,215.5,187.5,156.5,109.0,103.5,117.0,114.0,24.0
월드 디제이 페스티벌,2018-05-26,14:00,22:00,종합운동장역,2호선,신설동,하차,18.5,69.5,122.0,277.5,383.0,407.0,450.0,453.0,433.5,375.0,331.0,283.5,223.0,203.5,128.0,111.0,111.5,109.0,104.5,21.0
월드 디제이 페스티벌,2018-05-27,14:00,22:00,종합운동장역,2호선,신설동,하차,9.5,50.0,72.0,161.0,319.0,464.5,439.5,416.5,418.5,372.5,299.0,217.0,169.5,134.0,130.0,94.0,96.5,98.0,65.5,5.0
아이유 콘서트,2022-09-17,19:00,21:30,종합운동장역,2호선,건대입구,하차,38.0,343.0,334.5,549.5,896.5,1007.5,1436.0,1826.5,2130.0,2014.5,2238.5,2743.5,3211.0,3194.5,2501.5,1906.0,1882.5,1565.5,1029.0,179.0
아이유 콘서트,2022-09-18,19:00,21:30,종합운동장역,2호선,건대입구,하차,27.5,283.5,243.0,333.5,593.5,929.5,1444.5,1783.5,2131.5,2068.5,2353.0,2825.0,3042.5,3064.0,2276.5,1815.0,1580.5,1455.5,859.0,144.0
싸이 흠뻑쇼,2022-07-15,18:42,22:40,종합운동장역,2호선,건대입구,하차,71.0,685.5,1008.0,2454.0,2063.5,1390.5,1432.5,1732.0,1795.0,1772.5,2089.5,2469.5,3905.5,6823.5,4721.5,2363.0,2133.0,1925.0,1242.0,689.5
싸이 흠뻑쇼,2022-07-16,18:42,22:40,종합운동장역,2호선,건대입구,하차,51.5,478.0,441.5,795.0,1367.0,1429.5,2075.5,2354.5,2813.5,2851.0,2957.0,3534.0,3986.0,3788.0,2802.5,2059.0,2006.5,1728.0,1124.0,120.5
싸이 흠뻑쇼,2022-07-17,18:42,22:40,종합운동장역,2호선,건대입구,하차,40.0,304.5,294.0,400.5,740.0,1007.5,1616.5,1915.0,2245.0,2156.5,2216.5,2515.0,2846.0,2646.0,1907.0,1637.5,1566.0,1297.5,742.0,83.5
워터밤 2022,2022-06-24,12:00,22:00,종합운동장역,2호선,건대입구,하차,73.5,706.5,1073.5,2513.0,1986.5,1423.5,1566.0,1712.0,1909.0,2008.0,2157.0,2619.5,4024.0,6878.0,4893.5,2570.0,2164.0,2080.0,1319.0,695.5
워터밤 2022,2022-06-25,12:00,22:00,종합운동장역,2호선,건대입구,하차,65.0,499.0,458.5,823.5,1309.0,1454.5,2014.0,2645.5,2856.0,2862.0,3020.5,3475.5,4261.0,4078.5,2886.0,2316.0,2133.5,1908.5,1392.0,144.0
워터밤 2022,2022-06-26,12:00,22:00,종합운동장역,2호선,건대입구,하차,41.5,336.5,293.0,404.5,724.5,1030.5,1589.0,1889.5,2133.5,2116.5,2136.0,2516.0,2732.5,2697.5,1956.0,1801.0,1616.0,1393.5,833.5,69.0
bts 콘서트 2019,2019-10-26,18:30,,종합운동장역,2호선,건대입구,하차,91.0,618.0,543.0,1136.5,1733.0,1888.0,2300.0,3145.5,3812.0,3762.0,3832.5,4403.5,5295.0,5536.0,4211.5,3271.5,3033.5,2580.5,1722.0,167.0
bts 콘서트 2019,2019-10-27,18:30,,종합운동장역,2호선,건대입구,하차,46.0,394.0,365.0,555.5,1025.0,1646.0,2556.0,2804.5,2844.0,2951.5,3145.0,3343.5,3766.0,3552.5,2772.0,2133.5,2013.5,1834.5,1096.0,82.0
bts 콘서트 2019,2019-10-29,18:30,,종합운동장역,2호선,건대입구,하차,87.0,667.0,1185.5,3255.0,2395.0,1985.0,1708.5,1881.5,1977.5,2003.0,2084.0,2648.5,3992.0,7149.5,5403.0,2668.0,2433.0,2337.0,1395.0,584.0
bts 콘서트 2018,2018-08-25,18:30,,종합운동장역,2호선,건대입구,하차,83.0,584.0,702.5,1241.5,1633.5,1921.5,2354.5,3494.0,3790.0,3877.0,3695.0,4170.5,5131.5,4958.0,4353.5,3108.0,2568.0,2116.0,1983.5,320.5
bts 콘서트 2018,2018-08-26,18:30,,종합운동장역,2호선,건대입구,하차,42.0,366.5,353.5,519.5,1044.5,1365.5,1779.0,2534.5,2948.5,2775.0,3067.5,3303.0,3586.5,3781.5,2640.5,2297.5,2158.5,1725.5,1094.5,118.5
조용필 콘서트 2018,2018-05-12,19:30,,종합운동장역,2호선,건대입구,하차,95.5,561.5,618.0,1036.0,1567.0,1972.5,2900.5,3606.5,4261.0,4093.5,4315.0,4594.5,5979.0,5748.0,4948.0,3827.0,3301.5,3009.0,2048.0,373.5
월드 디제이 페스티벌,2018-05-26,14:00,22:00,종합운동장역,2호선,건대입구,하차,98.0,618.5,736.5,1231.5,1795.0,1991.0,3027.0,3717.0,4359.0,4146.0,4382.5,4860.5,5912.5,5847.5,4948.5,3867.5,3231.5,2906.0,2311.0,308.5
월드 디제이 페스티벌,2018-05-27,14:00,22:00,종합운동장역,2호선,건대입구,하차,60.5,409.0,501.0,799.0,1148.5,1484.5,2261.5,2990.0,3261.5,3226.5,3219.5,3572.5,4091.0,3828.5,3125.0,2437.0,2470.5,2139.0,1345.5,102.0
아이유 콘서트,2022-09-17,19:00,21:30,종합운동장역,2호선,잠실(송파구청),하차,107.0,878.0,1065.5,1712.0,3155.5,3411.5,4090.0,4329.5,4556.5,4362.5,4676.5,4946.5,4451.5,3486.5,2511.0,2304.5,2147.5,1930.5,1270.5,46.0
아이유 콘서트,2022-09-18,19:00,21:30,종합운동장역,2호선,잠실(송파구청),하차,93.5,646.5,762.0,1473.0,2934.5,2936.5,3504.5,3898.0,4163.5,3783.0,4163.5,3930.0,4495.0,3200.0,2293.0,2023.0,1900.5,1630.5,964.0,65.5
싸이 흠뻑쇼,2022-07-15,18:42,22:40,종합운동장역,2호선,잠실(송파구청),하차,180.5,1132.0,2910.5,7100.5,6209.0,3589.5,3763.0,3642.0,3651.5,3605.0,4056.0,4908.5,6722.5,9771.5,6170.0,3344.5,3149.0,3347.5,2023.5,555.5
싸이 흠뻑쇼,2022-07-16,18:42,22:40,종합운동장역,2호선,잠실(송파구청),하차,142.0,1006.0,1286.0,2432.0,4154.5,4145.5,4865.5,5182.5,5777.5,5404.5,5594.0,5879.5,5420.0,4517.5,3083.5,2611.5,2704.5,2703.0,1621.5,3.0
싸이 흠뻑쇼,2022-07-17,18:42,22:40,종합운동장역,2호선,잠실(송파구청),하차,96.0,609.0,830.5,1723.0,3140.5,2794.5,3321.0,3906.0,4050.0,3892.5,4006.0,3912.0,3580.0,3153.5,2392.0,2424.5,2069.0,1679.0,905.5,0.5
워터밤 2022,2022-06-24,12:00,22:00,종합운동장역,2호선,잠실(송파구청),하차,189.0,1159.5,2917.5,6593.0,4826.0,3533.5,3835.0,3716.5,3926.5,3608.5,4236.5,4853.0,6746.0,9751.5,6103.5,3395.0,3418.5,3376.0,2226.0,663.0
워터밤 2022,2022-06-25,12:00,22:00,종합운동장역,2호선,잠실(송파구청),하차,155.0,1187.0,1352.5,2353.0,4292.5,4225.0,5315.5,5392.5,5991.0,5772.0,6063.5,5882.0,5733.0,4581.0,3388.0,2822.0,3009.5,2999.5,1915.0,3.0
워터밤 2022,2022-06-26,12:00,22:00,종합운동장역,2호선,잠실(송파구청),하차,115.5,710.5,875.0,1685.5,3134.5,3048.0,3519.0,4176.5,4276.5,4190.0,3973.0,4401.5,3446.5,3139.0,2441.5,2297.5,2243.5,1912.0,951.5,0.0
bts 콘서트 2019,2019-10-26,18:30,,종합운동장역,2호선,잠실(송파구청),하차,201.0,2026.5,2386.0,4111.5,5690.0,5051.0,6061.5,6368.5,7209.0,7117.0,7672.5,7655.5,7362.0,6146.0,4251.5,3578.5,3238.5,3119.0,2100.5,36.0
bts 콘서트 2019,2019-10-27,18:30,,종합운동장역,2호선,잠실(송파구청),하차,139.0,1131.0,1568.5,3075.5,4311.0,3728.5,4782.5,5394.5,5449.5,4984.5,5297.0,5320.0,4532.5,4302.0,3104.5,2660.0,2429.5,1966.5,1081.0,3.5
bts 콘서트 2019,2019-10-29,18:30,,종합운동장역,2호선,잠실(송파구청),하차,217.0,1558.0,4125.5,8502.5,7393.5,3942.5,3832.0,3484.0,3582.0,3566.0,4004.5,4936.5,5963.5,9866.0,7105.0,4123.0,3640.0,3645.0,2039.0,511.5
bts 콘서트 2018,2018-08-25,18:30,,종합운동장역,2호선,잠실(송파구청),하차,213.5,1380.5,1635.5,2945.5,4725.0,4546.5,5815.5,6041.0,6713.5,6681.0,6575.0,6683.5,6745.0,5409.0,4171.5,3119.5,2893.5,2725.0,2772.5,103.5
bts 콘서트 2018,2018-08-26,18:30,,종합운동장역,2호선,잠실(송파구청),하차,133.5,864.5,1182.5,2173.5,3671.0,3434.5,4235.5,4434.5,5119.0,4700.5,4890.0,4926.5,4543.5,4091.0,3196.0,2645.5,2533.5,2139.5,1320.5,0.5
조용필 콘서트 2018,2018-05-12,19:30,,종합운동장역,2호선,잠실(송파구청),하차,229.5,2203.0,1883.0,3264.0,5080.5,4877.5,5972.0,6682.5,7132.5,6432.5,7266.0,6983.0,7290.5,6018.0,4541.0,3766.0,3444.0,3490.0,2540.0,183.0
월드 디제이 페스티벌,2018-05-26,14:00,22:00,종합운동장역,2호선,잠실(송파구청),하차,217.5,1974.0,1950.0,2985.0,4853.5,4587.0,5705.0,6324.5,7035.0,6768.0,7436.0,7225.5,6897.5,6152.5,4667.5,3835.0,3599.5,3469.0,2717.0,355.0
월드 디제이 페스티벌,2018-05-27,14:00,22:00,종합운동장역,2호선,잠실(송파구청),하차,158.0,1201.5,1401.5,2188.5,3855.0,3793.0,4589.0,4798.5,5258.5,4999.0,4780.5,5159.5,4898.0,4141.0,3310.5,3021.0,2710.5,2382.0,1520.5,34.5
아이유 콘서트,2022-09-17,19:00,21:30,종합운동장역,2호선,선릉,하차,74.0,553.5,649.0,942.5,1205.5,1199.5,1082.5,1296.0,1397.5,1095.5,900.0,1063.5,1007.5,718.5,524.5,480.0,468.5,487.0,262.0,27.5
아이유 콘서트,2022-09-18,19:00,21:30,종합운동장역,2호선,선릉,하차,42.5,303.0,301.5,545.0,723.0,742.5,646.0,824.0,836.5,711.0,680.0,712.5,724.5,628.5,517.0,440.5,465.5,445.0,229.0,29.5
싸이 흠뻑쇼,2022-07-15,18:42,22:40,종합운동장역,2호선,선릉,하차,280.0,1604.0,4941.5,12730.5,9586.0,4025.5,2435.0,2324.0,2374.5,1925.5,1730.5,1836.0,2284.0,2440.0,1533.5,774.0,702.0,655.0,460.0,252.0
싸이 흠뻑쇼,2022-07-16,18:42,22:40,종합운동장역,2호선,선릉,하차,103.0,933.0,942.0,1672.5,2007.0,1923.0,1656.5,1851.5,2044.5,1537.0,1223.5,1349.0,1285.5,975.5,647.0,595.5,592.0,579.0,354.5,51.0
싸이 흠뻑쇼,2022-07-17,18:42,22:40,종합운동장역,2호선,선릉,하차,68.0,347.0,325.0,760.0,1017.0,873.5,810.5,839.5,929.5,794.0,678.5,731.5,777.5,680.5,562.0,523.0,496.0,377.0,260.0,26.0
워터밤 2022,2022-06-24,12:00,22:00,종합운동장역,2호선,선릉,하차,284.5,1657.5,5056.5,12791.5,8840.0,4093.0,2452.0,2119.5,2288.0,2081.5,1855.0,1827.0,2385.0,2677.0,1570.5,835.0,646.5,723.5,497.5,275.0
워터밤 2022,2022-06-25,12:00,22:00,종합운동장역,2호선,선릉,하차,117.5,880.0,924.5,1571.5,2096.0,2116.5,1868.0,2132.0,2165.5,1631.5,1411.0,1415.5,1436.0,1037.5,677.5,597.5,597.0,603.5,382.0,15.0
워터밤 2022,2022-06-26,12:00,22:00,종합운동장역,2호선,선릉,하차,55.0,400.5,348.5,633.0,994.0,1030.5,879.0,960.5,1068.5,793.5,715.0,753.0,745.5,677.0,587.5,535.5,501.0,415.0,238.5,10.5
bts 콘서트 2019,2019-10-26,18:30,,종합운동장역,2호선,선릉,하차,141.0,1111.5,1055.5,1910.5,2833.5,2855.5,2206.5,2509.0,3010.5,2176.5,1866.0,1919.5,1899.5,1462.5,1037.0,785.5,715.5,691.0,396.5,88.0
bts 콘서트 2019,2019-10-27,18:30,,종합운동장역,2호선,선릉,하차,63.5,386.5,453.5,840.0,1077.0,1254.0,1303.0,1501.0,1524.5,1218.0,975.5,962.5,945.5,895.5,676.5,604.5,549.5,467.5,273.5,27.0
bts 콘서트 2019,2019-10-29,18:30,,종합운동장역,2호선,선릉,하차,294.5,1815.5,5179.5,15053.5,10638.0,4003.0,2755.0,2379.0,2675.5,2398.0,2146.5,2074.5,2302.0,2804.5,1856.5,1007.5,744.5,769.0,422.0,219.0
bts 콘서트 2018,2018-08-25,18:30,,종합운동장역,2호선,선릉,하차,127.5,966.0,1020.0,2105.0,2445.0,2158.0,2199.5,2738.0,2820.5,2092.5,1607.0,1641.5,1585.0,1250.0,940.5,744.5,670.5,544.5,496.0,85.5
bts 콘서트 2018,2018-08-26,18:30,,종합운동장역,2호선,선릉,하차,54.5,401.5,404.5,842.0,1113.0,1046.5,984.0,1051.0,1165.0,982.0,874.0,850.5,831.0,781.0,613.0,554.5,547.0,504.5,275.5,26.0
조용필 콘서트 2018,2018-05-12,19:30,,종합운동장역,2호선,선릉,하차,117.5,904.5,883.0,1506.5,2262.0,1935.0,1796.0,2182.5,2333.5,1627.5,1415.0,1479.0,1487.0,1129.5,873.5,801.0,794.0,820.5,514.5,101.5
월드 디제이 페스티벌,2018-05-26,14:00,22:00,종합운동장역,2호선,선릉,하차,139.0,1063.0,1137.0,1954.5,2768.0,2359.5,2179.5,2681.5,2767.5,1936.0,1695.5,1871.0,1654.5,1288.0,956.5,808.5,788.5,769.5,527.0,114.0
월드 디제이 페스티벌,2018-05-27,14:00,22:00,종합운동장역,2호선,선릉,하차,60.0,477.5,447.5,867.0,1173.0,1025.0,1024.0,1068.0,1331.5,959.0,814.0,864.0,864.5,711.5,631.5,591.5,629.5,558.0,319.0,46.0
아이유 콘서트,2022-09-17,19:00,21:30,종합운동장역,2호선,강남,하차,166.0,638.0,734.0,1833.5,3443.0,2632.5,2572.0,2990.0,3439.5,2788.5,2817.0,2645.5,3561.5,2913.5,2128.5,1779.0,1492.0,1538.0,873.0,46.5
아이유 콘서트,2022-09-18,19:00,21:30,종합운동장역,2호선,강남,하차,96.5,438.0,454.0,905.5,1624.5,1505.5,1840.5,2280.5,2638.5,2324.0,2200.5,2496.0,2949.5,2525.5,1865.5,1419.5,1192.0,1159.0,682.0,47.5
싸이 흠뻑쇼,2022-07-15,18:42,22:40,종합운동장역,2호선,강남,하차,458.5,2159.5,6654.5,13686.5,13295.5,5808.5,3851.0,3565.0,4170.5,4123.5,3607.0,4174.0,5909.5,9259.5,5691.0,2272.0,1827.5,1685.5,1103.0,506.5
싸이 흠뻑쇼,2022-07-16,18:42,22:40,종합운동장역,2호선,강남,하차,256.5,964.5,1223.5,3044.5,6311.5,4374.5,4084.5,4743.0,5439.5,4380.0,3948.0,4481.5,4888.5,4268.0,2592.5,2189.5,1708.0,1583.5,1086.5,5.5
싸이 흠뻑쇼,2022-07-17,18:42,22:40,종합운동장역,2호선,강남,하차,119.0,489.5,678.0,1255.0,2165.0,1843.0,2076.0,2752.0,3269.5,2645.0,2618.5,2833.5,2875.0,2560.0,1831.5,1574.5,1237.5,957.5,611.5,4.5
워터밤 2022,2022-06-24,12:00,22:00,종합운동장역,2호선,강남,하차,461.0,2089.5,6609.0,13544.0,12051.5,5621.5,3900.5,3588.0,4217.5,3830.0,3834.5,4106.0,5720.5,9240.5,5839.5,2519.5,1884.0,1880.5,1201.0,497.5
워터밤 2022,2022-06-25,12:00,22:00,종합운동장역,2호선,강남,하차,234.0,1008.0,1276.5,3095.5,5959.0,4425.5,4260.0,4708.5,5484.5,4596.0,4280.0,4471.0,5369.0,4298.0,2831.0,2164.5,2218.0,2070.0,1325.5,4.0
워터밤 2022,2022-06-26,12:00,22:00,종합운동장역,2호선,강남,하차,134.5,549.5,707.0,1331.5,2070.5,1838.0,2095.5,2660.5,3051.0,2505.5,2541.5,2769.5,2987.0,2621.5,1855.0,1573.0,1396.0,1061.0,623.0,5.0
bts 콘서트 2019,2019-10-26,18:30,,종합운동장역,2호선,강남,하차,335.5,1189.5,1666.0,4043.0,7519.5,6051.5,5933.0,6631.0,8360.0,7265.0,5783.5,6426.0,7885.5,7374.0,4990.5,3764.0,2988.0,2387.0,1757.5,5.5
bts 콘서트 2019,2019-10-27,18:30,,종합운동장역,2호선,강남,하차,133.0,650.5,949.0,1845.0,3446.0,2993.5,3489.5,4630.5,5194.0,4340.0,3795.5,4253.5,4374.0,4149.5,2827.5,2097.0,1661.0,1284.5,830.5,1.5
bts 콘서트 2019,2019-10-29,18:30,,종합운동장역,2호선,강남,하차,575.0,2428.5,7632.5,16304.5,15329.5,6772.0,4882.0,4131.0,5335.0,4583.5,4055.5,4891.5,6037.0,9450.0,7245.5,2707.0,2021.5,1724.0,1218.5,393.5
bts 콘서트 2018,2018-08-25,18:30,,종합운동장역,2호선,강남,하차,274.0,1160.5,1931.5,3964.0,7533.0,6112.5,5972.0,7458.5,8330.5,6871.0,6178.0,6263.5,7135.5,6860.0,4986.5,3309.5,2458.5,2260.0,2335.5,259.0
bts 콘서트 2018,2018-08-26,18:30,,종합운동장역,2호선,강남,하차,146.5,688.0,996.0,1603.5,3142.5,2894.5,3392.0,4322.5,5087.5,4135.5,3969.0,4624.0,4373.5,4051.0,2913.5,2104.0,1703.5,1420.5,832.5,4.5
조용필 콘서트 2018,2018-05-12,19:30,,종합운동장역,2호선,강남,하차,261.5,1200.5,1860.5,3515.0,6282.0,5582.5,5584.0,6852.0,7909.5,6728.5,6154.0,6046.0,6965.0,7024.5,4860.5,3888.5,3188.5,2958.5,1867.0,293.0
월드 디제이 페스티벌,2018-05-26,14:00,22:00,종합운동장역,2호선,강남,하차,311.0,1184.5,2062.5,3964.5,8171.0,6580.5,6197.0,7565.5,8793.0,7494.0,6379.0,6525.0,7189.5,7276.5,4979.0,4345.5,3148.0,2856.5,1876.0,293.0
월드 디제이 페스티벌,2018-05-27,14:00,22:00,종합운동장역,2호선,강남,하차,148.5,720.5,988.0,1704.5,3274.5,3077.0,3614.5,4777.0,5225.0,4653.0,4141.5,4349.0,4661.0,4041.5,2956.0,2402.0,1931.0,1675.0,961.5,18.5
아이유 콘서트,2022-09-17,19:00,21:30,종합운동장역,2호선,교대(법원.검찰청),하차,94.5,542.0,561.0,778.0,1119.0,884.5,928.5,1051.5,991.5,934.0,807.0,905.5,1078.0,871.0,611.0,556.5,569.5,556.0,348.0,15.0
아이유 콘서트,2022-09-18,19:00,21:30,종합운동장역,2호선,교대(법원.검찰청),하차,73.5,315.0,340.5,439.5,720.0,620.5,671.5,707.5,849.0,766.0,696.5,797.5,928.0,710.0,578.5,566.0,474.0,438.5,260.5,25.5
싸이 흠뻑쇼,2022-07-15,18:42,22:40,종합운동장역,2호선,교대(법원.검찰청),하차,271.0,964.5,2443.5,7091.5,5881.0,2731.5,2242.0,1879.5,2149.0,2022.0,1798.5,1965.5,2573.5,3463.5,1963.5,920.0,819.5,892.5,557.0,156.5
싸이 흠뻑쇼,2022-07-16,18:42,22:40,종합운동장역,2호선,교대(법원.검찰청),하차,125.5,670.5,939.0,1357.5,1877.0,1407.0,1473.5,1535.5,1471.5,1345.0,1147.0,1333.5,1597.5,1136.5,746.5,709.0,672.5,716.5,429.0,11.5
싸이 흠뻑쇼,2022-07-17,18:42,22:40,종합운동장역,2호선,교대(법원.검찰청),하차,94.5,315.0,425.5,548.0,915.0,711.5,737.5,824.0,1008.0,855.0,741.0,812.5,911.0,795.0,621.5,557.5,540.5,450.0,245.0,4.5
워터밤 2022,2022-06-24,12:00,22:00,종합운동장역,2호선,교대(법원.검찰청),하차,278.0,993.5,2446.0,6889.5,5616.0,2750.0,2364.5,1998.0,2145.5,1965.5,1829.5,1993.0,2752.0,3713.0,1924.0,966.0,840.5,832.5,633.0,212.5
워터밤 2022,2022-06-25,12:00,22:00,종합운동장역,2호선,교대(법원.검찰청),하차,133.5,664.0,884.0,1314.0,1818.0,1416.5,1660.5,1584.0,1503.0,1413.0,1226.0,1387.0,1628.0,1249.0,776.5,722.5,725.5,753.5,457.0,27.0
워터밤 2022,2022-06-26,12:00,22:00,종합운동장역,2호선,교대(법원.검찰청),하차,91.0,314.5,401.0,549.5,993.0,763.5,854.0,877.0,1061.0,889.5,748.0,846.0,927.0,809.5,626.5,578.0,531.0,456.5,275.5,10.0
bts 콘서트 2019,2019-10-26,18:30,,종합운동장역,2호선,교대(법원.검찰청),하차,174.5,1203.5,1602.5,1621.5,2715.5,2031.0,1902.0,2093.0,2359.5,2115.5,1963.0,2481.5,3366.5,2915.5,1613.0,1055.5,1000.5,915.5,638.5,18.0
bts 콘서트 2019,2019-10-27,18:30,,종합운동장역,2호선,교대(법원.검찰청),하차,99.5,561.5,704.5,761.0,1317.0,1022.0,1062.0,1265.5,1361.0,1215.0,1065.5,1207.0,1313.5,1130.0,827.0,725.5,679.5,545.5,348.0,12.5
bts 콘서트 2019,2019-10-29,18:30,,종합운동장역,2호선,교대(법원.검찰청),하차,335.5,1114.5,2940.0,7922.5,6709.0,3303.5,2689.0,2294.0,2637.0,2529.0,2390.0,2372.5,2936.5,4015.0,2582.5,1296.5,1081.0,991.5,535.5,179.5
bts 콘서트 2018,2018-08-25,18:30,,종합운동장역,2호선,교대(법원.검찰청),하차,168.0,776.5,1377.5,1573.5,2399.0,1730.0,1701.5,1971.5,2156.5,1748.0,1506.5,1572.0,1834.0,1671.0,1124.5,917.5,757.5,844.0,753.5,92.5
bts 콘서트 2018,2018-08-26,18:30,,종합운동장역,2호선,교대(법원.검찰청),하차,84.0,373.5,612.5,816.5,1307.0,925.0,925.0,1155.5,1214.5,1136.5,926.0,1038.5,1124.5,1018.5,784.0,735.0,671.5,651.5,404.0,10.0
조용필 콘서트 2018,2018-05-12,19:30,,종합운동장역,2호선,교대(법원.검찰청),하차,139.5,1168.5,1405.5,1276.5,1972.5,1500.5,1550.0,1768.5,1872.0,1679.5,1441.0,1364.5,1689.0,1537.5,1201.5,988.0,1017.0,1090.0,671.0,118.5
월드 디제이 페스티벌,2018-05-26,14:00,22:00,종합운동장역,2호선,교대(법원.검찰청),하차,178.5,1020.5,1602.5,1421.0,2528.5,1789.0,1928.5,2202.5,2223.5,1981.5,1690.5,1519.0,1982.0,1664.5,1212.0,1078.0,1076.5,1081.0,729.5,113.0
월드 디제이 페스티벌,2018-05-27,14:00,22:00,종합운동장역,2호선,교대(법원.검찰청),하차,96.0,461.0,636.5,843.5,1436.5,1092.5,1023.5,1138.5,1291.5,1136.0,1036.5,1029.0,1094.5,1058.5,816.5,772.0,769.5,719.0,387.5,10.5
아이유 콘서트,2022-09-17,19:00,21:30,종합운동장역,2호선,사당,하차,105.5,954.5,858.0,895.5,1239.5,1234.0,1680.5,1706.5,1589.0,1652.0,1850.0,2298.5,2672.5,2324.0,1692.5,1481.0,1705.5,1642.5,1060.5,124.5
아이유 콘서트,2022-09-18,19:00,21:30,종합운동장역,2호선,사당,하차,50.5,821.0,543.5,629.0,1124.0,1175.0,1259.0,1430.5,1485.5,1410.0,1618.5,1897.0,2321.0,2040.0,1658.0,1430.5,1490.5,1410.5,865.5,130.0
싸이 흠뻑쇼,2022-07-15,18:42,22:40,종합운동장역,2호선,사당,하차,181.5,964.0,1827.5,2733.0,1735.5,1370.5,1633.5,1683.5,1649.5,1740.5,2079.5,2952.0,4818.0,7857.5,5068.0,2455.5,2297.5,2485.5,2093.0,688.0
싸이 흠뻑쇼,2022-07-16,18:42,22:40,종합운동장역,2호선,사당,하차,125.5,1511.5,937.0,1139.0,1440.5,1671.5,2147.0,2452.5,2426.5,2209.0,2490.0,3237.0,3797.0,2954.0,2066.5,1859.0,2029.5,2102.5,1541.0,207.5
싸이 흠뻑쇼,2022-07-17,18:42,22:40,종합운동장역,2호선,사당,하차,73.0,902.0,607.5,616.5,1001.0,1119.5,1511.0,1571.5,1591.5,1535.0,1764.5,1914.0,2216.0,1972.0,1646.0,1540.5,1612.5,1346.5,813.0,62.5
워터밤 2022,2022-06-24,12:00,22:00,종합운동장역,2호선,사당,하차,162.0,1033.5,1825.0,2828.0,1819.5,1516.5,1734.5,1656.5,1582.0,1765.5,2180.5,3046.0,4995.5,8169.0,5357.0,2609.0,2336.0,2722.0,2210.0,802.0
워터밤 2022,2022-06-25,12:00,22:00,종합운동장역,2호선,사당,하차,152.0,1536.0,1260.0,1148.0,1574.5,1873.5,2395.0,2564.0,2456.0,2292.5,2742.5,3536.0,4164.5,3252.0,2286.0,1895.0,2303.5,2252.5,1780.5,153.0
워터밤 2022,2022-06-26,12:00,22:00,종합운동장역,2호선,사당,하차,88.0,1027.5,709.0,727.5,1200.0,1218.5,1589.0,1684.0,1705.0,1561.5,1765.5,2002.5,2331.5,2008.0,1696.0,1553.0,1728.5,1520.5,842.5,83.5
bts 콘서트 2019,2019-10-26,18:30,,종합운동장역,2호선,사당,하차,122.0,2309.5,1788.5,1863.0,2257.0,2191.0,2580.5,2779.0,2772.5,2761.5,2987.0,3886.5,4605.5,4545.5,3141.0,2689.0,2724.5,2639.5,1817.0,244.0
bts 콘서트 2019,2019-10-27,18:30,,종합운동장역,2호선,사당,하차,78.5,1627.5,1182.0,919.5,1639.0,1591.0,1679.5,2003.0,2073.5,2086.0,2312.5,2709.5,2929.0,2939.0,2235.5,1981.0,1945.5,1691.5,998.5,88.0
bts 콘서트 2019,2019-10-29,18:30,,종합운동장역,2호선,사당,하차,169.5,1193.0,2467.5,4087.5,2533.0,1776.5,2001.5,1858.5,1878.0,1748.0,2344.0,2935.5,4269.5,7097.0,5416.5,2973.0,2714.5,2648.5,1660.5,661.5
bts 콘서트 2018,2018-08-25,18:30,,종합운동장역,2호선,사당,하차,151.0,1361.0,1207.0,1375.0,1858.5,1813.5,2270.5,2562.0,2465.5,2419.0,2625.5,3404.5,4451.0,4158.5,3098.0,2336.5,2279.5,2219.5,2251.5,380.5
bts 콘서트 2018,2018-08-26,18:30,,종합운동장역,2호선,사당,하차,82.0,1070.0,854.5,829.0,1389.0,1383.5,1381.5,1641.5,1796.5,1814.0,1910.5,2377.5,2708.0,2592.0,2112.0,1949.0,2006.5,1772.5,1051.0,95.0
조용필 콘서트 2018,2018-05-12,19:30,,종합운동장역,2호선,사당,하차,170.0,1603.5,1262.5,1513.0,2185.0,1979.0,2077.0,2505.0,2414.0,2344.0,2443.5,3099.0,3967.0,3918.5,3023.0,2605.0,2633.0,2979.5,2172.0,323.5
월드 디제이 페스티벌,2018-05-26,14:00,22:00,종합운동장역,2호선,사당,하차,159.0,1715.0,1466.5,1937.0,2442.0,2166.5,2334.5,2945.0,2729.5,2637.0,2701.5,3465.0,4622.5,4360.0,3257.0,2635.5,2690.0,2939.5,2285.5,382.0
월드 디제이 페스티벌,2018-05-27,14:00,22:00,종합운동장역,2호선,사당,하차,89.0,1298.5,1056.0,1015.0,1733.0,1613.5,1648.5,1733.0,1922.0,1943.5,2002.5,2438.0,2840.5,2843.0,2266.0,2102.0,2225.0,2061.5,1256.0,112.0
아이유 콘서트,2022-09-17,19:00,21:30,종합운동장역,2호선,대림(구로구청),하차,86.5,249.0,349.5,554.5,666.0,886.5,1164.5,996.0,1021.5,1008.0,1076.0,1380.5,1543.5,1345.0,1008.5,921.5,1099.5,1019.0,563.0,79.0
아이유 콘서트,2022-09-18,19:00,21:30,종합운동장역,2호선,대림(구로구청),하차,71.0,238.5,254.5,423.5,732.5,1297.0,1617.5,1174.5,1062.0,1046.0,1091.5,1137.5,1190.5,1083.0,944.5,802.5,1058.0,887.0,539.0,81.0
싸이 흠뻑쇼,2022-07-15,18:42,22:40,종합운동장역,2호선,대림(구로구청),하차,133.5,425.5,951.0,2286.0,1222.0,889.0,934.5,960.0,1031.5,1044.0,1340.5,1624.5,2135.0,2755.5,2090.0,1315.5,1684.0,1709.5,933.5,358.5
싸이 흠뻑쇼,2022-07-16,18:42,22:40,종합운동장역,2호선,대림(구로구청),하차,142.5,300.0,369.0,630.5,841.0,923.0,996.0,1191.5,1082.5,1060.5,1195.5,1617.5,1871.0,1418.5,1133.0,1046.0,1476.0,1283.0,736.0,54.5
싸이 흠뻑쇼,2022-07-17,18:42,22:40,종합운동장역,2호선,대림(구로구청),하차,83.5,304.5,292.0,557.5,774.5,1319.0,1394.5,981.0,939.0,988.5,1014.0,1002.0,1098.0,1077.0,898.0,867.5,1159.5,952.0,463.0,17.5
워터밤 2022,2022-06-24,12:00,22:00,종합운동장역,2호선,대림(구로구청),하차,136.0,430.0,975.0,2376.5,1316.0,939.0,917.5,1026.0,1058.5,1097.0,1424.0,1575.5,2187.0,2721.0,2168.5,1341.5,1695.0,1790.0,949.0,346.5
워터밤 2022,2022-06-25,12:00,22:00,종합운동장역,2호선,대림(구로구청),하차,140.0,298.0,365.0,679.5,925.5,1023.5,1095.0,1103.5,1160.0,1051.5,1268.0,1676.0,1978.0,1546.5,1234.0,1080.5,1521.5,1401.5,847.5,50.0
워터밤 2022,2022-06-26,12:00,22:00,종합운동장역,2호선,대림(구로구청),하차,97.0,297.0,335.5,490.0,831.0,1366.5,1482.5,995.5,1067.5,1039.0,982.0,1094.0,1156.0,1081.0,909.0,902.5,1197.0,1005.5,531.0,34.0
bts 콘서트 2019,2019-10-26,18:30,,종합운동장역,2호선,대림(구로구청),하차,192.0,383.0,428.5,864.0,1078.0,1200.5,1294.0,1524.5,1643.5,1603.0,1789.5,2177.0,3120.5,2644.5,1802.5,1571.5,2055.5,1950.5,1194.0,86.0
bts 콘서트 2019,2019-10-27,18:30,,종합운동장역,2호선,대림(구로구청),하차,119.5,592.0,392.5,724.5,1124.5,1936.0,2102.0,1479.0,1707.0,1570.0,1623.0,1714.5,1845.5,1749.5,1450.5,1181.0,1608.5,1434.5,827.5,16.5
bts 콘서트 2019,2019-10-29,18:30,,종합운동장역,2호선,대림(구로구청),하차,164.0,507.0,1047.0,2882.5,1681.5,1317.0,1266.0,1239.0,1383.0,1335.5,1645.0,1936.5,3152.5,3392.0,2713.5,1798.0,2253.0,2280.0,1168.0,360.0
bts 콘서트 2018,2018-08-25,18:30,,종합운동장역,2호선,대림(구로구청),하차,160.5,466.5,503.5,1128.5,1167.0,1060.5,1243.5,1337.5,1431.5,1370.5,1579.0,1896.0,2704.0,2218.5,1732.0,1438.5,1994.5,1738.5,1189.5,223.0
bts 콘서트 2018,2018-08-26,18:30,,종합운동장역,2호선,대림(구로구청),하차,87.5,353.5,378.5,731.0,1099.5,1756.0,2089.0,1462.5,1472.0,1463.5,1401.0,1449.0,1681.5,1566.0,1296.5,1231.0,1627.0,1408.5,758.0,46.0
조용필 콘서트 2018,2018-05-12,19:30,,종합운동장역,2호선,대림(구로구청),하차,172.5,409.0,407.0,753.0,1045.5,1127.5,1341.0,1334.0,1547.0,1509.5,1712.5,2087.5,2787.0,2673.5,2000.0,1649.5,1986.0,2093.0,1350.0,115.0
월드 디제이 페스티벌,2018-05-26,14:00,22:00,종합운동장역,2호선,대림(구로구청),하차,215.5,410.5,435.0,806.5,1147.0,1108.0,1298.0,1369.0,1501.5,1593.0,1745.0,2023.5,2862.0,2563.5,1972.5,1702.5,2046.0,2075.0,1401.0,268.0
월드 디제이 페스티벌,2018-05-27,14:00,22:00,종합운동장역,2호선,대림(구로구청),하차,106.5,422.5,373.0,703.0,1272.0,1918.0,2079.0,1568.5,1580.5,1588.0,1588.5,1628.0,1992.0,1776.0,1490.5,1337.5,1729.0,1595.0,854.0,41.5
